symbol,streak,last_date
AAREYDRUGS,3,2026-10-01
AAVAS,1,2026-10-01
ABDL,1,2026-10-01
ADANIGREEN,1,2026-10-01
ADFFOODS,1,2026-10-01
ADVANCE,1,2026-10-01
AEQUS,4,2026-10-01
ALICON,3,2026-10-01
AMRUTANJAN,2,2026-10-01
ARIS,2,2026-10-01
ARSSBL,2,2026-10-01
ASIANHOTNR,1,2026-10-01
ASIANPAINT,1,2026-10-01
AUGMONT,4,2026-10-01
AXISCADES,3,2026-10-01
BOSCH-HCIL,1,2026-10-01
CASTROLIND,1,2026-10-01
CCL,1,2026-10-01
CHEMCON,1,2026-10-01
CMRGREEN,1,2026-10-01
CREDITACC,1,2026-10-01
CYIENT,2,2026-10-01
DIFFNKG,1,2026-10-01
DMCC,3,2026-10-01
DODLA,1,2026-10-01
DOLLAR,4,2026-10-01
DPABHUSHAN,3,2026-10-01
ENRIN,2,2026-10-01
FEDDERSHOL,1,2026-10-01
FINCABLES,2,2026-10-01
FMCGIETF,1,2026-10-01
GALAXYSURF,2,2026-10-01
GANESHHOU,1,2026-10-01
GKSL,1,2026-10-01
GLENMARK,1,2026-10-01
GLOBAL,1,2026-10-01
GMMPFAUDLR,1,2026-10-01
GPTINFRA,3,2026-10-01
HALDYNGL,1,2026-10-01
HARSHA,1,2026-10-01
HEALTHIETF,2,2026-10-01
HLEGLAS,2,2026-10-01
IDBI,1,2026-10-01
ISGEC,1,2026-10-01
JAYBARMARU,3,2026-10-01
JKCEMENT,2,2026-10-01
KAMATHOTEL,1,2026-10-01
KIRLOSBROS,1,2026-10-01
KISSHT,2,2026-10-01
KOTAKBANK,2,2026-10-01
KRISHANA,2,2026-10-01
KRSNAA,1,2026-10-01
KTKBANK,1,2026-10-01
LALPATHLAB,2,2026-10-01
LEMONTREE,1,2026-10-01
LGBBROSLTD,1,2026-10-01
LGHL,1,2026-10-01
LINCOLN,1,2026-10-01
LIQUID,1,2026-10-01
LIQUIDADD,1,2026-10-01
LOKESHMACH,3,2026-10-01
MANBA,1,2026-10-01
MENONBE,4,2026-10-01
MIDSMALL,1,2026-10-01
MOGSEC,1,2026-10-01
MOLBIO,1,2026-10-01
MOLDTKPAC,1,2026-10-01
MOREPENLAB,1,2026-10-01
MOTILALOFS,1,2026-10-01
MWL,2,2026-10-01
NEXT50,1,2026-10-01
NIFTYETF,1,2026-10-01
NIITMTS,1,2026-10-01
NRBBEARING,1,2026-10-01
OMNI,1,2026-10-01
ONEPOINT,3,2026-10-01
ONWARDTEC,1,2026-10-01
PACEDIGITK,1,2026-10-01
PANAMAPET,1,2026-10-01
PANORAMA,1,2026-10-01
PIXTRANS,1,2026-10-01
POWERICA,1,2026-10-01
PRIMESECU,1,2026-10-01
RAMRAT,1,2026-10-01
RATNAVEER,1,2026-10-01
RGL,1,2026-10-01
RHIM,1,2026-10-01
RITES,2,2026-10-01
ROLEXRINGS,1,2026-10-01
RUBYMILLS,1,2026-10-01
RUPA,1,2026-10-01
SALSTEEL,4,2026-10-01
SANGHVIMOV,1,2026-10-01
SBC,4,2026-10-01
SCHNEIDER,1,2026-10-01
SHILPAMED,2,2026-10-01
SHRINGARMS,2,2026-10-01
SHUKRAPHAR,1,2026-10-01
SIMPLEXINF,1,2026-10-01
SKYGOLD,1,2026-10-01
SMCGLOBAL,1,2026-10-01
SMSPHARMA,1,2026-10-01
STOVEKRAFT,1,2026-10-01
SUDARSCHEM,2,2026-10-01
SUNDROP,1,2026-10-01
SUNFLAG,1,2026-10-01
SUNTV,3,2026-10-01
SURYAROSNI,1,2026-10-01
SYMBIOTEC,1,2026-10-01
TCI,1,2026-10-01
TDPOWERSYS,1,2026-10-01
TECHNOCRAF,2,2026-10-01
THOMASCOTT,1,2026-10-01
UNIMECH,1,2026-10-01
VALIANTORG,2,2026-10-01
VIVIANA,1,2026-10-01
WELSPUNLIV,4,2026-10-01
WEWORK,1,2026-10-01
YUKEN,1,2026-10-01
ZOTA,1,2026-10-01
