symbol,date,close,volume,deliv_qty,deliv_pct
20MICRONS,2026-03-20,151.02,110174,46634,42.33
360ONE,2026-03-20,1040.6,413078,229421,55.54
3MINDIA,2026-03-20,32270.0,4927,2482,50.38
5PAISA,2026-03-20,291.6,63078,34765,55.11
63MOONS,2026-03-20,531.45,321539,195280,60.73
AADHARHFC,2026-03-20,449.85,337678,162307,48.07
AARTIDRUGS,2026-03-20,343.15,100847,43532,43.17
AARTIIND,2026-03-20,427.35,1189269,631447,53.1
AARTIPHARM,2026-03-20,644.6,164744,95265,57.83
AAVAS,2026-03-20,1098.1,181266,106369,58.68
ABB,2026-03-20,6297.0,274862,105071,38.23
ABBOTINDIA,2026-03-20,26715.0,5188,2258,43.52
ABCAPITAL,2026-03-20,311.25,3909838,1707165,43.66
ABCOTS,2026-03-20,403.35,41839,20563,49.15
ABDL,2026-03-20,408.45,359806,224133,62.29
ABFRL,2026-03-20,59.98,32781127,4959695,15.13
ABLBL,2026-03-20,93.23,3126943,1999411,63.94
ABREL,2026-03-20,1165.4,212529,107018,50.35
ABSLAMC,2026-03-20,944.65,157330,70705,44.94
ACC,2026-03-20,1381.4,380815,219116,57.54
ACE,2026-03-20,829.15,194400,87388,44.95
ACI,2026-03-20,601.25,237171,103254,43.54
ACMESOLAR,2026-03-20,246.37,2197261,525704,23.93
ACUTAAS,2026-03-20,2399.8,658530,256730,38.99
ADANIENSOL,2026-03-20,1009.9,1871563,953380,50.94
ADANIENT,2026-03-20,1927.1,1175662,373236,31.75
ADANIGREEN,2026-03-20,863.1,1990204,544335,27.35
ADANIPORTS,2026-03-20,1365.4,4213342,2860627,67.89
ADANIPOWER,2026-03-20,151.54,44265976,17326123,39.14
ADFFOODS,2026-03-20,174.43,132734,73508,55.38
ADOR,2026-03-20,917.1,15877,10443,65.77
ADSL,2026-03-20,101.55,157894,61288,38.82
ADVAIT,2026-03-20,1644.6,35405,14985,42.32
ADVANCE,2026-03-20,97.32,119169,66664,55.94
ADVENTHTL,2026-03-20,151.07,107122,54920,51.27
ADVENZYMES,2026-03-20,272.6,121612,72366,59.51
AEGISLOG,2026-03-20,611.7,446433,188927,42.32
AEGISVOPAK,2026-03-20,178.54,352156,134144,38.09
AEQUS,2026-03-20,123.06,506681,243746,48.11
AEROENTER,2026-03-20,72.53,310467,133132,42.88
AEROFLEX,2026-03-20,233.75,879693,235744,26.8
AETHER,2026-03-20,1155.55,1469947,441397,30.03
AFCONS,2026-03-20,278.75,437746,287051,65.57
AFFLE,2026-03-20,1285.7,642032,416517,64.87
AGARIND,2026-03-20,412.45,72337,49721,68.74
AGARWALEYE,2026-03-20,424.35,87632,45240,51.62
AGI,2026-03-20,499.1,104175,58953,56.59
AGIIL,2026-03-20,311.7,6070850,1639435,27.01
AHCL,2026-03-20,121.11,381251,171483,44.98
AHLUCONT,2026-03-20,724.95,86808,41365,47.65
AIAENG,2026-03-20,3409.6,163807,93405,57.02
AIIL,2026-03-20,492.2,538874,143350,26.6
AJANTPHARM,2026-03-20,2904.7,111373,55235,49.59
AJAXENGG,2026-03-20,471.0,58122,31291,53.84
AJMERA,2026-03-20,108.52,1190435,769906,64.67
AKUMS,2026-03-20,483.4,124290,53343,42.92
AKZOINDIA,2026-03-20,2885.1,140991,98075,69.56
ALEMBICLTD,2026-03-20,79.9,130101,78536,60.37
ALGOQUANT,2026-03-20,54.65,1036392,228603,22.06
ALIVUS,2026-03-20,949.8,53941,28470,52.78
ALKEM,2026-03-20,5257.5,325586,217535,66.81
ALKYLAMINE,2026-03-20,1292.0,67638,39525,58.44
ALLTIME,2026-03-20,210.78,277942,140834,50.67
ALPHA,2026-03-20,44.75,2299136,1208156,52.55
AMAGI,2026-03-20,349.1,196435,154127,78.46
AMBER,2026-03-20,6654.5,171132,51305,29.98
AMBUJACEM,2026-03-20,420.55,2282335,1348595,59.09
AMRUTANJAN,2026-03-20,515.55,52153,40314,77.3
ANANDRATHI,2026-03-20,3003.4,339136,153881,45.37
ANANTRAJ,2026-03-20,465.85,2239014,814437,36.37
ANDHRAPAP,2026-03-20,60.4,1101410,1063020,96.51
ANDHRSUGAR,2026-03-20,70.96,434516,130228,29.97
ANGELONE,2026-03-20,231.32,6007983,1540569,25.64
ANTELOPUS,2026-03-20,515.45,147068,54612,37.13
ANTHEM,2026-03-20,644.85,180878,86766,47.97
ANUP,2026-03-20,1588.2,36828,16713,45.38
ANURAS,2026-03-20,1252.5,180870,139858,77.33
APARINDS,2026-03-20,9673.0,80462,29276,36.38
APCOTEXIND,2026-03-20,351.05,28695,18875,65.78
APEX,2026-03-20,376.25,1253436,189022,15.08
APLAPOLLO,2026-03-20,1973.1,620833,397701,64.06
APLLTD,2026-03-20,677.3,70386,31286,44.45
APOLLO,2026-03-20,198.63,4079398,990852,24.29
APOLLOHOSP,2026-03-20,7364.5,696455,398399,57.2
APOLLOPIPE,2026-03-20,386.95,540446,81484,15.08
APOLLOTYRE,2026-03-20,420.85,635724,276161,43.44
APTECHT,2026-03-20,79.07,139318,73679,52.89
APTUS,2026-03-20,208.83,1727841,1075407,62.24
ARE&M,2026-03-20,759.15,394762,263881,66.85
ARFIN,2026-03-20,76.95,801759,128357,16.01
ARIHANTCAP,2026-03-20,68.01,174740,93142,53.3
ARIHANTSUP,2026-03-20,211.6,127319,121502,95.43
ARIS,2026-03-20,103.77,1185715,204109,17.21
ARKADE,2026-03-20,103.22,296358,170525,57.54
ARMANFIN,2026-03-20,1511.6,52835,28552,54.04
ARROWGREEN,2026-03-20,378.45,35585,18981,53.34
ARSSBL,2026-03-20,460.4,277203,151291,54.58
ARTEMISMED,2026-03-20,225.85,53020,30361,57.26
ARVIND,2026-03-20,359.25,173414,78082,45.03
ARVINDFASN,2026-03-20,396.7,188494,81640,43.31
ARVSMART,2026-03-20,534.2,46983,21291,45.32
ASAHIINDIA,2026-03-20,810.45,349611,99163,28.36
ASALCBR,2026-03-20,727.8,35671,14843,41.61
ASHAPURMIN,2026-03-20,502.85,731446,317337,43.38
ASHIANA,2026-03-20,303.5,33664,21020,62.44
ASHOKA,2026-03-20,113.73,1235014,608816,49.3
ASHOKLEY,2026-03-20,168.89,38794799,23315250,60.1
ASIANENE,2026-03-20,282.45,76361,51310,67.19
ASIANPAINT,2026-03-20,2195.4,875920,549243,62.7
ASIANTILES,2026-03-20,60.44,3717904,1337628,35.98
ASKAUTOLTD,2026-03-20,409.2,93035,45658,49.08
ASTEC,2026-03-20,562.85,23703,14781,62.36
ASTERDM,2026-03-20,626.95,1080780,627252,58.04
ASTRAL,2026-03-20,1631.8,388331,207851,53.52
ASTRAMICRO,2026-03-20,890.8,202120,115273,57.03
ASTRAZEN,2026-03-20,8321.0,3299,1802,54.62
ATGL,2026-03-20,551.9,13348695,1376533,10.31
ATHERENERG,2026-03-20,780.6,4290744,1879846,43.81
ATLANTAELE,2026-03-20,1179.2,470551,184076,39.12
ATUL,2026-03-20,6245.0,15169,9039,59.59
ATULAUTO,2026-03-20,417.05,75987,20344,26.77
AUBANK,2026-03-20,901.5,11121205,7708154,69.31
AURIONPRO,2026-03-20,815.5,190268,101064,53.12
AUROPHARMA,2026-03-20,1291.4,1395687,633709,45.4
AUTOBEES,2026-03-20,254.41,256274,103813,40.51
AVADHSUGAR,2026-03-20,456.1,260726,80561,30.9
AVALON,2026-03-20,951.9,93312,35877,38.45
AVANTEL,2026-03-20,127.38,886238,378888,42.75
AVANTIFEED,2026-03-20,1206.0,426974,132005,30.92
AVL,2026-03-20,457.75,164064,91730,55.91
AWFIS,2026-03-20,263.6,430385,246314,57.23
AWHCL,2026-03-20,438.55,84654,35322,41.73
AWL,2026-03-20,192.1,25383780,7779354,30.65
AXISBANK,2026-03-20,1203.9,7518686,4802307,63.87
AXISCADES,2026-03-20,1426.0,132013,64601,48.94
AXISGOLD,2026-03-20,122.02,2919063,1328796,45.52
AXISILVER,2026-03-20,228.42,2676649,1719168,64.23
AXISNIFTY,2026-03-20,254.61,67695,44327,65.48
AYE,2026-03-20,107.55,346626,96158,27.74
AZAD,2026-03-20,1469.4,134903,62526,46.35
BAJAJ-AUTO,2026-03-20,9051.0,356410,170757,47.91
BAJAJCON,2026-03-20,366.3,844741,306308,36.26
BAJAJELEC,2026-03-20,353.65,314106,131191,41.77
BAJAJFINSV,2026-03-20,1710.3,2626283,1680393,63.98
BAJAJHCARE,2026-03-20,312.95,389965,189554,48.61
BAJAJHFL,2026-03-20,81.45,7699946,3782082,49.12
BAJAJHLDNG,2026-03-20,9512.0,42855,20435,47.68
BAJEL,2026-03-20,163.0,748978,98640,13.17
BAJFINANCE,2026-03-20,830.55,14881843,8283886,55.66
BALAJITELE,2026-03-20,83.66,155200,63516,40.93
BALAMINES,2026-03-20,1067.1,141807,46886,33.06
BALKRISIND,2026-03-20,2105.1,128499,86134,67.03
BALMLAWRIE,2026-03-20,162.19,133771,71838,53.7
BALRAMCHIN,2026-03-20,485.9,1104034,455076,41.22
BALUFORGE,2026-03-20,437.75,380322,161670,42.51
BANCOINDIA,2026-03-20,553.7,135580,66243,48.86
BANDHANBNK,2026-03-20,158.44,14307044,7510108,52.49
BANKBARODA,2026-03-20,279.95,9423497,4409756,46.8
BANKBEES,2026-03-20,550.86,1208466,526899,43.6
BANKBETA,2026-03-20,54.98,4171972,4113330,98.59
BANKIETF,2026-03-20,54.64,1874803,1593231,84.98
BANKINDIA,2026-03-20,150.49,12913188,4654203,36.04
BANKNIFTY1,2026-03-20,55.12,3020385,2579472,85.4
BANSALWIRE,2026-03-20,247.55,73809,44644,60.49
BASF,2026-03-20,3312.2,17694,10487,59.27
BATAINDIA,2026-03-20,663.3,423468,136743,32.29
BAYERCROP,2026-03-20,4717.5,115147,68790,59.74
BBL,2026-03-20,2310.5,25316,14511,57.32
BBNPPGOLD,2026-03-20,142.3,121725,68843,56.56
BBOX,2026-03-20,504.35,305193,106281,34.82
BBTC,2026-03-20,1504.6,26045,15169,58.24
BDL,2026-03-20,1249.9,865784,260197,30.05
BECTORFOOD,2026-03-20,182.84,347854,185053,53.2
BEL,2026-03-20,426.1,17599734,10592817,60.19
BELRISE,2026-03-20,189.0,19170728,10264079,53.54
BEML,2026-03-20,1514.6,219468,62484,28.47
BEPL,2026-03-20,86.53,535786,267920,50.01
BERGEPAINT,2026-03-20,416.7,489338,287232,58.7
BETA,2026-03-20,1106.1,18428,15208,82.53
BHAGCHEM,2026-03-20,180.43,149800,102359,68.33
BHAGERIA,2026-03-20,141.43,138789,19704,14.2
BHARATCOAL,2026-03-20,33.9,7411885,2614507,35.27
BHARATFORG,2026-03-20,1711.5,939720,534206,56.85
BHARATRAS,2026-03-20,1275.8,28326,12160,42.93
BHARATSE,2026-03-20,159.04,153155,52931,34.56
BHARATWIRE,2026-03-20,164.25,86444,41639,48.17
BHARTIARTL,2026-03-20,1846.1,7691633,5368949,69.8
BHARTIHEXA,2026-03-20,1584.1,378441,251952,66.58
BHEL,2026-03-20,262.05,19056140,8387258,44.01
BIKAJI,2026-03-20,629.7,207899,105922,50.95
BIOCON,2026-03-20,380.95,12193711,8256387,67.71
BIRLACORPN,2026-03-20,815.1,83465,43660,52.31
BIRLANU,2026-03-20,1240.9,13299,7180,53.99
BLACKBUCK,2026-03-20,615.8,4260862,2811439,65.98
BLISSGVS,2026-03-20,210.23,1535471,919765,59.9
BLKASHYAP,2026-03-20,49.4,367134,224724,61.21
BLS,2026-03-20,240.6,816806,438828,53.72
BLSE,2026-03-20,144.35,1462481,397637,27.19
BLUEDART,2026-03-20,5101.5,5459,2269,41.56
BLUEJET,2026-03-20,357.95,656904,302219,46.01
BLUESTARCO,2026-03-20,1708.6,401052,168565,42.03
BLUESTONE,2026-03-20,543.8,581124,293799,50.56
BLUSPRING,2026-03-20,45.67,1216259,509252,41.87
BODALCHEM,2026-03-20,54.65,4435224,552276,12.45
BOMDYEING,2026-03-20,103.16,668671,296854,44.39
BOROLTD,2026-03-20,222.01,224432,178562,79.56
BORORENEW,2026-03-20,420.9,375960,172699,45.94
BOSCH-HCIL,2026-03-20,1281.1,9448,6039,63.92
BOSCHLTD,2026-03-20,30390.0,30424,16121,52.99
BPCL,2026-03-20,287.8,16601274,9242190,55.67
BRIGADE,2026-03-20,643.9,210646,108522,51.52
BRITANNIA,2026-03-20,5618.5,462806,307813,66.51
BSE,2026-03-20,2806.1,5795250,1720143,29.68
BSLGOLDETF,2026-03-20,128.59,331218,194173,58.62
BSOFT,2026-03-20,358.05,888548,379250,42.68
BUILDPRO,2026-03-20,945.65,24783,16706,67.41
BUTTERFLY,2026-03-20,640.85,258241,29622,11.47
CAMLINFINE,2026-03-20,118.71,477743,229497,48.04
CAMPUS,2026-03-20,225.0,156145,63179,40.46
CAMS,2026-03-20,640.7,830229,326145,39.28
CANBK,2026-03-20,136.44,30539089,9606224,31.46
CANFINHOME,2026-03-20,820.3,199359,120061,60.22
CANHLIFE,2026-03-20,145.66,255549,97762,38.26
CANTABIL,2026-03-20,237.05,134259,86941,64.76
CAPACITE,2026-03-20,223.88,959964,285096,29.7
CAPLIPOINT,2026-03-20,1604.1,65307,40824,62.51
CARBORUNIV,2026-03-20,756.95,73003,31615,43.31
CARERATING,2026-03-20,1537.7,49205,33912,68.92
CARRARO,2026-03-20,441.95,46525,18588,39.95
CARTRADE,2026-03-20,1696.9,329928,73381,22.24
CARYSIL,2026-03-20,781.65,43692,24212,55.42
CASHIETF,2026-03-20,1054.44,207439,150888,72.74
CASTROLIND,2026-03-20,187.34,4664754,3415108,73.21
CCL,2026-03-20,1087.6,912155,223605,24.51
CDSL,2026-03-20,1190.8,1507667,503772,33.41
CEATLTD,2026-03-20,3537.5,87882,31010,35.29
CEIGALL,2026-03-20,270.5,138137,74963,54.27
CEINSYS,2026-03-20,938.7,30268,14317,47.3
CELLO,2026-03-20,423.45,486036,207817,42.76
CEMPRO,2026-03-20,539.6,230580,103234,44.77
CENTRALBK,2026-03-20,34.17,10251996,3924492,38.28
CENTUM,2026-03-20,2987.8,362983,45260,12.47
CENTURYPLY,2026-03-20,650.9,42417,24309,57.31
CERA,2026-03-20,4753.7,13514,4846,35.86
CESC,2026-03-20,152.74,1713204,817076,47.69
CEWATER,2026-03-20,282.95,270601,150557,55.64
CGCL,2026-03-20,170.08,551185,199410,36.18
CGPOWER,2026-03-20,681.6,2720138,1342962,49.37
CHALET,2026-03-20,723.5,399501,276238,69.15
CHAMBLFERT,2026-03-20,428.55,501654,284475,56.71
CHEMPLASTS,2026-03-20,280.33,442406,226659,51.23
CHENNPETRO,2026-03-20,1064.75,4575897,564532,12.34
CHOICEGOLD,2026-03-20,145.11,102489,51604,50.35
CHOICEIN,2026-03-20,614.9,806007,504897,62.64
CHOLAFIN,2026-03-20,1440.5,2452413,1602505,65.34
CHOLAHLDNG,2026-03-20,1407.6,430200,269157,62.57
CIEINDIA,2026-03-20,461.15,507711,266103,52.41
CIGNITITEC,2026-03-20,1068.3,48344,17708,36.63
CIPLA,2026-03-20,1256.4,1151621,645684,56.07
CLEAN,2026-03-20,698.6,205254,116675,56.84
CLEANMAX,2026-03-20,889.9,329681,182229,55.27
CMSINFO,2026-03-20,283.95,673750,447541,66.43
CNL,2026-03-20,578.9,19904,9391,47.18
COALINDIA,2026-03-20,468.15,23878653,14059686,58.88
COCHINSHIP,2026-03-20,1341.5,814079,309970,38.08
COFORGE,2026-03-20,1089.3,2721237,865135,31.79
COHANCE,2026-03-20,299.25,514988,300857,58.42
COLPAL,2026-03-20,1896.1,317292,166911,52.6
COMMOIETF,2026-03-20,95.63,123779,67474,54.51
CONCOR,2026-03-20,447.3,1689715,903576,53.48
CONCORDBIO,2026-03-20,1092.3,174098,78638,45.17
CONFIPET,2026-03-20,36.28,1580039,630481,39.9
CONSUMBEES,2026-03-20,118.83,94703,47488,50.14
COROMANDEL,2026-03-20,1911.0,728762,423351,58.09
CORONA,2026-03-20,1650.5,22039,8550,38.79
COSMOFIRST,2026-03-20,624.55,46997,25557,54.38
CPPLUS,2026-03-20,1719.3,159267,59106,37.11
CPSEETF,2026-03-20,101.76,1117889,544938,48.75
CRAFTSMAN,2026-03-20,6912.0,27734,11588,41.78
CRAMC,2026-03-20,237.3,218668,120293,55.01
CREDITACC,2026-03-20,1156.9,262900,125067,47.57
CRISIL,2026-03-20,4000.4,119945,86027,71.72
CRIZAC,2026-03-20,202.47,228407,119875,52.48
CROMPTON,2026-03-20,243.15,1174291,481443,41.0
CSBBANK,2026-03-20,361.3,1388588,649522,46.78
CUB,2026-03-20,241.35,1265582,580228,45.85
CUMMINSIND,2026-03-20,4615.3,878443,563000,64.09
CUPID,2026-03-20,79.6,8752224,3278582,37.46
CYIENT,2026-03-20,825.35,199549,92568,46.39
CYIENTDLM,2026-03-20,303.8,996356,143715,14.42
DABUR,2026-03-20,430.7,1933160,1091678,56.47
DALBHARAT,2026-03-20,1841.0,124129,56622,45.62
DALMIASUG,2026-03-20,320.6,417543,140420,33.63
DAMCAPITAL,2026-03-20,129.85,707357,237002,33.51
DATAMATICS,2026-03-20,686.35,44484,14643,32.92
DATAPATTNS,2026-03-20,3230.8,569222,108733,19.1
DBEIL,2026-03-20,73.08,624921,108592,17.38
DBL,2026-03-20,411.4,243049,136541,56.18
DBOL,2026-03-20,98.9,107102,49945,46.63
DBREALTY,2026-03-20,98.07,1396367,565144,40.47
DCAL,2026-03-20,158.05,305954,136077,44.48
DCBBANK,2026-03-20,169.82,1179374,453730,38.47
DCI,2026-03-20,282.5,44057,26275,59.64
DCMSHRIRAM,2026-03-20,1041.0,97611,51687,52.95
DCW,2026-03-20,40.17,1660276,882587,53.16
DCXINDIA,2026-03-20,163.72,816761,314219,38.47
DDEVPLSTIK,2026-03-20,229.5,70425,44008,62.49
DECCANCE,2026-03-20,651.75,15746,8812,55.96
DEEDEV,2026-03-20,267.45,1438598,315104,21.9
DEEPAKFERT,2026-03-20,908.55,276351,139992,50.66
DEEPAKNTR,2026-03-20,1390.3,137812,51535,37.4
DEEPINDS,2026-03-20,409.75,10866019,762637,7.02
DEFENCE,2026-03-20,63.48,282947,227255,80.32
DELHIVERY,2026-03-20,422.85,2156599,1228700,56.97
DELTACORP,2026-03-20,53.89,1226446,738051,60.18
DENTA,2026-03-20,241.6,94582,33776,35.71
DEVYANI,2026-03-20,104.17,2996565,1335122,44.56
DHAMPURSUG,2026-03-20,126.66,731325,251878,34.44
DHANUKA,2026-03-20,962.1,30499,17639,57.83
DHARMAJ,2026-03-20,240.31,52677,34233,64.99
DIACABS,2026-03-20,127.15,842136,422357,50.15
DIAMONDYD,2026-03-20,908.0,62148,47511,76.45
DIFFNKG,2026-03-20,254.9,88737,42458,47.85
DIGITIDE,2026-03-20,72.86,664048,411695,62.0
DIVGIITTS,2026-03-20,705.0,19689,9271,47.09
DIVISLAB,2026-03-20,6100.0,283471,154818,54.62
DIXON,2026-03-20,10342.0,520115,121315,23.32
DLF,2026-03-20,540.75,4266475,1838445,43.09
DLINKINDIA,2026-03-20,394.1,66237,35398,53.44
DMART,2026-03-20,3770.8,386084,204162,52.88
DODLA,2026-03-20,1014.3,44869,10357,23.08
DOLLAR,2026-03-20,260.05,169857,113390,66.76
DOLPHIN,2026-03-20,384.7,51755,15565,30.07
DOMS,2026-03-20,2278.8,233219,104995,45.02
DPABHUSHAN,2026-03-20,1025.5,20658,9039,43.76
DREAMFOLKS,2026-03-20,70.61,219750,94253,42.89
DREDGECORP,2026-03-20,878.15,109262,39296,35.96
DRREDDY,2026-03-20,1298.9,3359706,2404233,71.56
DSSL,2026-03-20,897.6,22294,8028,36.01
DWARKESH,2026-03-20,39.68,1859165,839838,45.17
DYCL,2026-03-20,269.45,106316,50686,47.67
DYNAMATECH,2026-03-20,9701.0,16024,4031,25.16
EBBETF0430,2026-03-20,1561.97,24890,19120,76.82
EBBETF0431,2026-03-20,1392.14,17681,14128,79.9
EBGNG,2026-03-20,380.35,488481,216753,44.37
ECLERX,2026-03-20,1469.0,157266,78349,49.82
ECOSMOBLTY,2026-03-20,111.86,567574,321041,56.56
EDELWEISS,2026-03-20,104.7,3717028,1495547,40.24
EFCIL,2026-03-20,195.85,155626,83968,53.95
EGOLD,2026-03-20,146.25,109753,76412,69.62
EICHERMOT,2026-03-20,6909.0,575123,350787,60.99
EIDPARRY,2026-03-20,789.05,204744,113723,55.54
EIEL,2026-03-20,147.86,951340,302015,31.75
EIHOTEL,2026-03-20,309.5,192078,101201,52.69
EIMCOELECO,2026-03-20,1565.7,39691,32640,82.24
EKC,2026-03-20,104.09,143133,93884,65.59
ELECON,2026-03-20,389.85,829289,284049,34.25
ELECTCAST,2026-03-20,74.83,8625900,1996076,23.14
ELECTHERM,2026-03-20,657.65,108985,43075,39.52
ELGIEQUIP,2026-03-20,480.05,348295,151179,43.41
ELIN,2026-03-20,117.0,103129,56983,55.25
ELLEN,2026-03-20,197.99,438898,188160,42.87
EMAMILTD,2026-03-20,402.75,590866,370954,62.78
EMCURE,2026-03-20,1478.2,64690,24405,37.73
EMIL,2026-03-20,92.01,327206,157587,48.16
EMMVEE,2026-03-20,228.57,2013950,728562,36.18
EMSLIMITED,2026-03-20,297.0,407677,143202,35.13
EMUDHRA,2026-03-20,395.45,109350,67200,61.45
ENDURANCE,2026-03-20,2280.3,51767,28371,54.81
ENERGY,2026-03-20,36.05,1329739,1085132,81.6
ENGINERSIN,2026-03-20,191.64,2684136,886730,33.04
ENRIN,2026-03-20,2791.2,288016,178751,62.06
ENTERO,2026-03-20,1120.9,67452,38905,57.68
EPACK,2026-03-20,234.7,775105,397441,51.28
EPACKPEB,2026-03-20,148.67,722832,444290,61.47
EPIGRAL,2026-03-20,845.7,108806,58920,54.15
EPL,2026-03-20,190.68,199263,98013,49.19
EQUITASBNK,2026-03-20,57.01,4274049,1946470,45.54
ERIS,2026-03-20,1284.9,84320,66613,79.0
ESCORTS,2026-03-20,3059.4,830222,382698,46.1
ESILVER,2026-03-20,231.65,154167,48918,31.73
ESTER,2026-03-20,91.52,118607,65530,55.25
ETERNAL,2026-03-20,232.29,55775443,20428203,36.63
ETHOSLTD,2026-03-20,2237.0,27431,17357,63.28
EUREKAFORB,2026-03-20,462.5,102151,58898,57.66
EUROPRATIK,2026-03-20,214.65,442517,186213,42.08
EVEREADY,2026-03-20,300.7,107154,53123,49.58
EXCELSOFT,2026-03-20,76.54,369420,178436,48.3
EXICOM,2026-03-20,88.46,269909,120784,44.75
EXIDEIND,2026-03-20,302.65,1563002,821475,52.56
EXPLEOSOL,2026-03-20,720.3,15674,10601,67.63
FABTECH,2026-03-20,145.62,94319,28921,30.66
FACT,2026-03-20,791.45,388774,48095,12.37
FAIRCHEMOR,2026-03-20,493.3,32200,21299,66.15
FDC,2026-03-20,332.85,110869,62895,56.73
FEDERALBNK,2026-03-20,267.1,14660431,8816280,60.14
FEDFINA,2026-03-20,134.18,496211,279843,56.4
FIEMIND,2026-03-20,2026.8,38839,16589,42.71
FILATEX,2026-03-20,40.68,650031,357718,55.03
FINCABLES,2026-03-20,878.15,904177,641349,70.93
FINEORG,2026-03-20,4256.1,10163,6511,64.07
FINKURVE,2026-03-20,55.36,1587499,347486,21.89
FINOPB,2026-03-20,150.82,683498,240735,35.22
FINPIPE,2026-03-20,174.63,590179,324004,54.9
FIRSTCRY,2026-03-20,250.87,70444931,7414529,10.53
FISCHER,2026-03-20,35.42,1661978,675623,40.65
FIVESTAR,2026-03-20,350.65,962079,495972,51.55
FLUOROCHEM,2026-03-20,3183.9,51364,24948,48.57
FMCGIETF,2026-03-20,50.29,1021841,578288,56.59
FMGOETZE,2026-03-20,382.05,29455,18406,62.49
FOCUS,2026-03-20,66.56,167048,120082,71.88
FORCEMOT,2026-03-20,21585.0,88440,23666,26.76
FORTIS,2026-03-20,822.05,1580046,953075,60.32
FOSECOIND,2026-03-20,5247.0,2403,1170,48.69
FRACTAL,2026-03-20,823.1,331703,164691,49.65
FSL,2026-03-20,216.97,2037091,390700,19.18
FUSION,2026-03-20,159.01,228692,125513,54.88
GABRIEL,2026-03-20,862.95,258017,110625,42.88
GAEL,2026-03-20,134.51,586965,281508,47.96
GAIL,2026-03-20,142.87,21738634,14858738,68.35
GALAXYSURF,2026-03-20,1641.0,29862,18867,63.18
GALLANTT,2026-03-20,555.95,90472,50868,56.23
GANDHAR,2026-03-20,132.38,210490,104588,49.69
GANECOS,2026-03-20,805.2,136222,83150,61.04
GANESHCP,2026-03-20,174.04,183821,137283,74.68
GANESHHOU,2026-03-20,590.5,56947,31670,55.61
GARFIBRES,2026-03-20,611.7,38617,20271,52.49
GARUDA,2026-03-20,159.84,488936,179420,36.7
GATEWAY,2026-03-20,51.07,1102744,800455,72.59
GAUDIUMIVF,2026-03-20,77.04,731455,356821,48.78
GENESYS,2026-03-20,269.7,411552,150095,36.47
GENUSPOWER,2026-03-20,239.1,678830,418284,61.62
GEOJITFSL,2026-03-20,59.93,498418,273952,54.96
GESHIP,2026-03-20,1429.7,501108,218204,43.54
GHCL,2026-03-20,433.45,362450,264571,73.0
GHCLTEXTIL,2026-03-20,75.69,198209,119942,60.51
GICHSGFIN,2026-03-20,142.31,85922,50851,59.18
GICRE,2026-03-20,372.15,429312,228110,53.13
GILLETTE,2026-03-20,8001.5,37894,12543,33.1
GILT5YBEES,2026-03-20,64.2,519926,344468,66.25
GIPCL,2026-03-20,132.82,259910,114182,43.93
GKENERGY,2026-03-20,103.28,487611,257953,52.9
GKSL,2026-03-20,106.21,265824,91947,34.59
GLAND,2026-03-20,1627.1,138158,95352,69.02
GLAXO,2026-03-20,2384.8,58866,38182,64.86
GLENMARK,2026-03-20,2180.1,596886,270182,45.27
GLOBUSSPR,2026-03-20,866.2,57336,22321,38.93
GMBREW,2026-03-20,1006.05,73692,27549,37.38
GMDCLTD,2026-03-20,575.7,32107235,4300102,13.39
GMMPFAUDLR,2026-03-20,856.9,59820,34222,57.21
GMRAIRPORT,2026-03-20,90.56,24147369,12289884,50.9
GMRP&UI,2026-03-20,104.52,1561869,793942,50.83
GNA,2026-03-20,375.35,32344,20287,62.72
GNFC,2026-03-20,407.05,281919,141177,50.08
GOCLCORP,2026-03-20,236.3,56216,36903,65.65
GOCOLORS,2026-03-20,275.4,495661,122768,24.77
GODAVARIB,2026-03-20,316.9,1228308,312162,25.41
GODFRYPHLP,2026-03-20,1991.5,226742,75809,33.43
GODIGIT,2026-03-20,325.75,1475032,1184356,80.29
GODREJAGRO,2026-03-20,588.5,179733,51408,28.6
GODREJCP,2026-03-20,1017.6,1344957,900687,66.97
GODREJIND,2026-03-20,832.05,62714,35060,55.9
GODREJPROP,2026-03-20,1549.5,966056,377162,39.04
GOKEX,2026-03-20,581.4,473683,246735,52.09
GOKULAGRO,2026-03-20,181.54,2703407,313961,11.61
GOLD1,2026-03-20,122.53,3739672,1506058,40.27
GOLDADD,2026-03-20,142.15,1179666,528293,44.78
GOLDBEES,2026-03-20,121.06,68506513,26254494,38.32
GOLDBETA,2026-03-20,123.0,703012,229556,32.65
GOLDETF,2026-03-20,142.39,3299937,1509845,45.75
GOLDIAM,2026-03-20,296.1,388970,157658,40.53
GOLDIETF,2026-03-20,125.18,11959683,4370229,36.54
GOODLUCK,2026-03-20,1017.1,75159,35431,47.14
GOPAL,2026-03-20,273.1,196522,150167,76.41
GPIL,2026-03-20,262.65,3581253,1434016,40.04
GPPL,2026-03-20,151.67,1567608,785692,50.12
GPTHEALTH,2026-03-20,120.65,138631,68270,49.25
GPTINFRA,2026-03-20,103.62,189573,126523,66.74
GRANULES,2026-03-20,590.95,1125959,770396,68.42
GRAPHITE,2026-03-20,607.1,745529,264822,35.52
GRASIM,2026-03-20,2616.3,1510096,978208,64.78
GRAVITA,2026-03-20,1405.2,191365,114172,59.66
GREAVESCOT,2026-03-20,134.73,1271796,559255,43.97
GREENLAM,2026-03-20,213.53,875002,776308,88.72
GREENPANEL,2026-03-20,194.07,66960,31598,47.19
GREENPLY,2026-03-20,192.9,108717,51748,47.6
GRINDWELL,2026-03-20,1402.2,70732,42704,60.37
GRINFRA,2026-03-20,859.7,141150,38546,27.31
GRMOVER,2026-03-20,154.27,1454272,231084,15.89
GROWW,2026-03-20,161.46,12200814,3764335,30.85
GROWWDEFNC,2026-03-20,77.5,222615,139184,62.52
GRSE,2026-03-20,2280.8,489233,163185,33.36
GRWRHITECH,2026-03-20,3650.8,37003,15165,40.98
GSFC,2026-03-20,153.95,1119288,658274,58.81
GSPL,2026-03-20,254.75,608839,157955,25.94
GUFICBIO,2026-03-20,294.35,34009,21665,63.7
GUJALKALI,2026-03-20,538.25,23569653,1518632,6.44
GUJAPOLLO,2026-03-20,447.0,213360,87097,40.82
GUJGASLTD,2026-03-20,354.6,1323027,340119,25.71
GULFOILLUB,2026-03-20,919.3,68227,41879,61.38
GULPOLY,2026-03-20,155.69,64342,37714,58.61
GVT&D,2026-03-20,3678.9,563851,320939,56.92
HAL,2026-03-20,3782.4,1047650,487853,46.57
HAPPSTMNDS,2026-03-20,410.85,32020712,1297347,4.05
HAPPYFORGE,2026-03-20,1265.4,42620,22415,52.59
HARIOMPIPE,2026-03-20,305.55,78722,37843,48.07
HATSUN,2026-03-20,956.75,54547,18816,34.5
HAVELLS,2026-03-20,1281.2,811006,446103,55.01
HBLENGINE,2026-03-20,659.5,946550,443950,46.9
HCG,2026-03-20,544.25,73752,37294,50.57
HCLTECH,2026-03-20,1333.7,5050431,3215584,63.67
HDBFS,2026-03-20,634.9,1428720,1050841,73.55
HDFCAMC,2026-03-20,2385.9,771952,457488,59.26
HDFCBANK,2026-03-20,780.45,103129469,66111622,64.11
HDFCGOLD,2026-03-20,125.13,24132392,10368652,42.97
HDFCLIFE,2026-03-20,623.65,3012022,2008165,66.67
HDFCLIQUID,2026-03-20,1052.93,9613,6730,70.01
HDFCNIFTY,2026-03-20,259.21,389119,288914,74.25
HDFCSILVER,2026-03-20,220.02,8021011,2422306,30.2
HDFCSML250,2026-03-20,149.18,1477559,1031783,69.83
HEALTHIETF,2026-03-20,147.75,225745,179243,79.4
HEG,2026-03-20,498.15,472019,131899,27.94
HEMIPROP,2026-03-20,137.2,702236,221855,31.59
HERANBA,2026-03-20,179.39,118482,61239,51.69
HERITGFOOD,2026-03-20,309.45,170467,94156,55.23
HEROMOTOCO,2026-03-20,5275.5,1043098,651290,62.44
HEXT,2026-03-20,439.45,2222981,1231891,55.42
HFCL,2026-03-20,71.16,11233604,4003897,35.64
HGINFRA,2026-03-20,489.9,231471,72535,31.34
HGS,2026-03-20,362.25,42632,19408,45.52
HIKAL,2026-03-20,168.48,376776,131020,34.77
HIMATSEIDE,2026-03-20,79.32,562181,327346,58.23
HINDALCO,2026-03-20,874.25,10063637,5362964,53.29
HINDCOPPER,2026-03-20,489.45,17030835,5132554,30.14
HINDOILEXP,2026-03-20,128.43,823572,414017,50.27
HINDPETRO,2026-03-20,336.3,24169602,10212093,42.25
HINDUNILVR,2026-03-20,2082.7,2429744,1641208,67.55
HINDWAREAP,2026-03-20,197.14,224296,161317,71.92
HINDZINC,2026-03-20,514.75,10046753,5239405,52.15
HIRECT,2026-03-20,1488.6,34358,13571,39.5
HITECH,2026-03-20,75.54,813601,438909,53.95
HLEGLAS,2026-03-20,286.3,87078,31445,36.11
HNDFDS,2026-03-20,482.15,48885,25544,52.25
HNGSNGBEES,2026-03-20,491.63,155658,116162,74.63
HOMEFIRST,2026-03-20,936.0,263233,141367,53.7
HONASA,2026-03-20,289.2,732806,262236,35.79
HONAUT,2026-03-20,28330.0,5327,3092,58.04
HPL,2026-03-20,283.55,240785,101323,42.08
HSCL,2026-03-20,451.4,2332864,344734,14.78
HUBTOWN,2026-03-20,198.28,962722,651449,67.67
HUDCO,2026-03-20,172.48,2467871,890092,36.07
HUHTAMAKI,2026-03-20,162.93,104840,59711,56.95
HYUNDAI,2026-03-20,1951.0,678486,489575,72.16
ICEMAKE,2026-03-20,764.0,32871,17658,53.72
ICICIAMC,2026-03-20,2804.0,336772,190879,56.68
ICICIB22,2026-03-20,116.93,973124,797238,81.93
ICICIBANK,2026-03-20,1245.4,16421006,11685036,71.16
ICICIGI,2026-03-20,1777.2,380679,222955,58.57
ICICIPRULI,2026-03-20,552.1,1215752,799448,65.76
ICIL,2026-03-20,233.45,151082,66963,44.32
ICRA,2026-03-20,5203.5,3436,2774,80.73
IDBI,2026-03-20,73.07,32507084,8086226,24.88
IDEAFORGE,2026-03-20,417.95,325070,82774,25.46
IDFCFIRSTB,2026-03-20,62.95,28941537,15266205,52.75
IEX,2026-03-20,120.53,5086862,2263528,44.5
IFBAGRO,2026-03-20,763.25,14704,6614,44.98
IFBIND,2026-03-20,977.9,87514,41344,47.24
IFCI,2026-03-20,53.99,7616054,2206975,28.98
IGARASHI,2026-03-20,314.9,40938,27447,67.05
IGCL,2026-03-20,58.64,527384,454262,86.13
IGIL,2026-03-20,338.45,718001,215313,29.99
IGL,2026-03-20,156.63,2525650,1422296,56.31
IGPL,2026-03-20,384.85,91584,64793,70.75
IIFL,2026-03-20,473.0,1284553,534058,41.58
IIFLCAPS,2026-03-20,269.8,523044,287273,54.92
IKIO,2026-03-20,116.98,134217,49561,36.93
IKS,2026-03-20,1332.8,381923,201603,52.79
IMAGICAA,2026-03-20,39.98,630323,412043,65.37
IMFA,2026-03-20,1235.3,50877,20500,40.29
INA,2026-03-20,101.3,917979,709686,77.31
INDGN,2026-03-20,440.65,196970,111361,56.54
INDHOTEL,2026-03-20,615.55,1743429,991789,56.89
INDIACEM,2026-03-20,359.85,114852,42043,36.61
INDIAGLYCO,2026-03-20,876.25,120816,53506,44.29
INDIAMART,2026-03-20,1994.4,135768,99254,73.11
INDIANB,2026-03-20,878.65,3265910,1585218,48.54
INDIASHLTR,2026-03-20,686.15,125833,56240,44.69
INDIGO,2026-03-20,4149.1,1888215,1184055,62.71
INDIGOPNTS,2026-03-20,743.75,175106,84502,48.26
INDIQUBE,2026-03-20,148.05,171313,38725,22.6
INDOAMIN,2026-03-20,88.27,116160,66729,57.45
INDOBORAX,2026-03-20,244.16,86396,82230,95.18
INDOFARM,2026-03-20,125.99,140904,64528,45.8
INDOSTAR,2026-03-20,199.1,173010,130780,75.59
INDOTECH,2026-03-20,1298.1,16755,9103,54.33
INDOTHAI,2026-03-20,252.15,348318,165117,47.4
INDRAMEDCO,2026-03-20,396.25,242917,127516,52.49
INDSWFTLAB,2026-03-20,141.51,141814,73849,52.07
INDUSINDBK,2026-03-20,818.6,7872290,4694954,59.64
INDUSTOWER,2026-03-20,434.55,5436700,3172018,58.34
INFOBEAN,2026-03-20,139.73,703982,140647,19.98
INFRAIETF,2026-03-20,90.14,384974,241786,62.81
INFY,2026-03-20,1255.9,27299975,13670533,50.08
INGERRAND,2026-03-20,3647.5,8255,5301,64.22
INOXGREEN,2026-03-20,150.4,69053350,3996119,5.79
INOXINDIA,2026-03-20,1180.7,248088,100417,40.48
INOXWIND,2026-03-20,81.84,29339790,4688116,15.98
INSECTICID,2026-03-20,574.85,33821,28590,84.53
INTELLECT,2026-03-20,650.55,465296,233670,50.22
INTERARCH,2026-03-20,1742.4,44407,21897,49.31
IOB,2026-03-20,33.72,28220266,13371036,47.38
IOC,2026-03-20,144.6,34636614,20317063,58.66
IOLCP,2026-03-20,74.36,1490204,620968,41.67
IONEXCHANG,2026-03-20,338.05,169753,87794,51.72
IPCALAB,2026-03-20,1544.9,196016,92285,47.08
IPL,2026-03-20,136.99,160313,90241,56.29
IRB,2026-03-20,41.51,7351858,3746630,50.96
IRCON,2026-03-20,123.68,2683581,1059487,39.48
IRCTC,2026-03-20,522.85,1740070,742782,42.69
IREDA,2026-03-20,116.37,12638739,3946162,31.22
IRFC,2026-03-20,94.69,14353015,4504942,31.39
IRMENERGY,2026-03-20,199.19,79084,40627,51.37
ISGEC,2026-03-20,888.15,37128,20882,56.24
IT,2026-03-20,32.15,359657,179526,49.92
ITBEES,2026-03-20,32.16,19507080,8433352,43.23
ITC,2026-03-20,299.95,58679529,43890464,74.8
ITCHOTELS,2026-03-20,149.01,17577846,11922942,67.83
ITDC,2026-03-20,426.7,26713,12566,47.04
ITETF,2026-03-20,30.67,673835,422426,62.69
ITI,2026-03-20,270.6,2147397,204753,9.53
ITIETF,2026-03-20,32.04,2540294,1849008,72.79
IVALUE,2026-03-20,235.38,160771,80860,50.3
IVZINGOLD,2026-03-20,12753.5,1473,757,51.39
IXIGO,2026-03-20,173.54,10272041,5292246,51.52
J&KBANK,2026-03-20,118.82,5729608,1835770,32.04
JAGRAN,2026-03-20,61.13,182410,134782,73.89
JAGSNPHARM,2026-03-20,183.34,162404,97523,60.05
JAIBALAJI,2026-03-20,64.68,4676522,1659768,35.49
JAICORPLTD,2026-03-20,102.12,19631526,983606,5.01
JAINREC,2026-03-20,441.2,1288966,553501,42.94
JAMNAAUTO,2026-03-20,119.68,2626190,1226391,46.7
JARO,2026-03-20,486.15,466587,98669,21.15
JASH,2026-03-20,368.5,71252,35888,50.37
JAYBARMARU,2026-03-20,85.88,169221,94603,55.9
JAYNECOIND,2026-03-20,74.24,6742536,2836252,42.07
JAYSREETEA,2026-03-20,80.61,130815,69270,52.95
JBCHEPHARM,2026-03-20,2138.6,467550,303229,64.85
JBMA,2026-03-20,567.25,15985739,877809,5.49
JGCHEM,2026-03-20,332.0,60745,33250,54.74
JINDALPOLY,2026-03-20,957.25,557616,279368,50.1
JINDALSAW,2026-03-20,194.13,3392548,1065112,31.4
JINDALSTEL,2026-03-20,1186.5,1998983,702469,35.14
JINDRILL,2026-03-20,475.25,450415,69836,15.5
JIOFIN,2026-03-20,239.3,15021105,7795280,51.9
JISLJALEQS,2026-03-20,30.17,7508754,4967530,66.16
JKCEMENT,2026-03-20,5000.0,194793,146172,75.04
JKIL,2026-03-20,488.3,239662,177364,74.01
JKLAKSHMI,2026-03-20,592.85,104983,55678,53.04
JKPAPER,2026-03-20,336.9,185147,78807,42.56
JKTYRE,2026-03-20,417.25,818278,247215,30.21
JLHL,2026-03-20,1268.9,16745,6417,38.32
JMFINANCIL,2026-03-20,123.16,1800489,565569,31.41
JNKINDIA,2026-03-20,237.53,96657,39001,40.35
JPOLYINVST,2026-03-20,1165.7,35033,10662,30.43
JSFB,2026-03-20,349.25,183529,105264,57.36
JSL,2026-03-20,721.95,623699,365815,58.65
JSLL,2026-03-20,611.3,145432,92604,63.68
JSWCEMENT,2026-03-20,116.13,1699230,481746,28.35
JSWENERGY,2026-03-20,507.05,4377294,2041481,46.64
JSWHL,2026-03-20,15142.0,64886,42032,64.78
JSWINFRA,2026-03-20,251.15,1277691,806836,63.15
JSWSTEEL,2026-03-20,1169.6,3580084,1815699,50.72
JTLIND,2026-03-20,52.11,2819663,760545,26.97
JUBLFOOD,2026-03-20,451.55,1623484,989919,60.97
JUBLINGREA,2026-03-20,583.3,250811,156434,62.37
JUBLPHARMA,2026-03-20,831.35,91364,50194,54.94
JUNIORBEES,2026-03-20,688.51,547732,397212,72.52
JUNIPER,2026-03-20,204.63,77655,39790,51.24
JUSTDIAL,2026-03-20,520.4,146242,74446,50.91
JWL,2026-03-20,262.6,1412809,362028,25.62
JYOTHYLAB,2026-03-20,208.55,703408,290113,41.24
JYOTICNC,2026-03-20,739.95,336750,107735,31.99
KAJARIACER,2026-03-20,951.35,200700,105273,52.45
KALAMANDIR,2026-03-20,100.65,415470,198116,47.68
KALPATARU,2026-03-20,296.25,37740,16609,44.01
KALYANKJIL,2026-03-20,382.7,3043574,1002805,32.95
KANSAINER,2026-03-20,166.77,556926,311327,55.9
KARURVYSYA,2026-03-20,263.9,3584979,2408181,67.17
KAYNES,2026-03-20,3620.6,1141147,235695,20.65
KCP,2026-03-20,137.5,396620,257944,65.04
KDDL,2026-03-20,2195.4,28980,24229,83.61
KEC,2026-03-20,546.1,506787,230773,45.54
KECL,2026-03-20,83.35,261207,106240,40.67
KEI,2026-03-20,4188.0,241373,86933,36.02
KERNEX,2026-03-20,962.0,99414,47409,47.69
KFINTECH,2026-03-20,914.55,525241,226966,43.21
KHADIM,2026-03-20,88.01,191937,86502,45.07
KHAICHEM,2026-03-20,48.85,282731,126465,44.73
KIMS,2026-03-20,645.1,282658,104628,37.02
KIOCL,2026-03-20,351.75,13932008,707497,5.08
KIRIINDUS,2026-03-20,374.85,627117,447005,71.28
KIRLOSBROS,2026-03-20,1561.4,46900,12378,26.39
KIRLOSENG,2026-03-20,1376.7,284824,101311,35.57
KIRLOSIND,2026-03-20,2735.8,6577,3685,56.03
KIRLPNU,2026-03-20,1050.7,29894,14891,49.81
KITEX,2026-03-20,159.4,367306,140183,38.17
KKCL,2026-03-20,426.85,71813,40656,56.61
KMEW,2026-03-20,1545.2,31689,9907,31.26
KNAGRI,2026-03-20,171.09,70259,66337,94.42
KNRCON,2026-03-20,118.01,1458778,725536,49.74
KOLTEPATIL,2026-03-20,324.65,96070,68423,71.22
KOPRAN,2026-03-20,118.22,220912,90474,40.95
KOTAKBANK,2026-03-20,366.75,17077194,10401815,60.91
KOTYARK,2026-03-20,371.0,28305,21210,74.93
KPEL,2026-03-20,279.2,169429,92564,54.63
KPIGREEN,2026-03-20,378.0,661990,172625,26.08
KPIL,2026-03-20,1071.0,151452,71980,47.53
KPITTECH,2026-03-20,660.95,1948255,840510,43.14
KPRMILL,2026-03-20,823.1,181334,68565,37.81
KRBL,2026-03-20,287.35,998821,469952,47.05
KRISHANA,2026-03-20,487.2,67229,35943,53.46
KRISHNADEF,2026-03-20,898.4,67777,29201,43.08
KRN,2026-03-20,896.85,873002,155782,17.84
KROSS,2026-03-20,171.69,952813,425906,44.7
KRSNAA,2026-03-20,587.65,44248,28057,63.41
KSB,2026-03-20,782.3,388129,168699,43.46
KSCL,2026-03-20,814.0,547588,217146,39.65
KSHINTL,2026-03-20,434.2,698575,301446,43.15
KSL,2026-03-20,651.65,106022,40891,38.57
KTKBANK,2026-03-20,228.93,3775657,1407111,37.27
LALPATHLAB,2026-03-20,1308.2,435450,306699,70.43
LANDMARK,2026-03-20,360.4,145204,107142,73.79
LAOPALA,2026-03-20,184.05,82749,69186,83.61
LATENTVIEW,2026-03-20,267.35,762761,356315,46.71
LAURUSLABS,2026-03-20,987.2,1763554,821794,46.6
LAXMIDENTL,2026-03-20,173.71,113997,39942,35.04
LAXMIINDIA,2026-03-20,82.55,153695,85974,55.94
LEMERITE,2026-03-20,446.1,28222,14682,52.02
LEMONTREE,2026-03-20,105.66,2373085,996802,42.0
LENSKART,2026-03-20,526.2,3817550,2152754,56.39
LGBBROSLTD,2026-03-20,1710.0,46437,20049,43.17
LGEINDIA,2026-03-20,1559.7,708687,456243,64.38
LGHL,2026-03-20,263.35,110254,82001,74.37
LICHSGFIN,2026-03-20,486.15,1165789,588869,50.51
LICI,2026-03-20,776.75,1045598,535628,51.23
LICMFGOLD,2026-03-20,131.5,244595,122604,50.13
LINCOLN,2026-03-20,600.4,35511,18242,51.37
LINDEINDIA,2026-03-20,7014.5,35247,13070,37.08
LIQGRWBEES,2026-03-20,1032.32,117220,97147,82.88
LIQUID,2026-03-20,999.99,62113,34112,54.92
LIQUID1,2026-03-20,1096.31,1064966,683500,64.18
LIQUIDADD,2026-03-20,1118.43,904692,571367,63.16
LIQUIDBEES,2026-03-20,999.99,2486750,2173183,87.39
LIQUIDBETF,2026-03-20,1073.85,146830,111469,75.92
LIQUIDCASE,2026-03-20,113.25,17956778,14036787,78.17
LIQUIDETF,2026-03-20,999.99,171856,128068,74.52
LIQUIDIETF,2026-03-20,999.99,972130,667203,68.63
LIQUIDPLUS,2026-03-20,1077.53,433921,388771,89.59
LIQUIDSBI,2026-03-20,999.99,12553,8215,65.44
LLOYDSENGG,2026-03-20,41.3,2275152,930422,40.89
LLOYDSENT,2026-03-20,45.4,3797703,2137398,56.28
LLOYDSME,2026-03-20,1245.8,1463549,515715,35.24
LMW,2026-03-20,13702.0,4186,2660,63.55
LODHA,2026-03-20,796.9,2237596,1231558,55.04
LOKESHMACH,2026-03-20,198.33,51806,27890,53.84
LOTUSDEV,2026-03-20,114.58,2238717,1666937,74.46
LT,2026-03-20,3434.8,4743217,2948775,62.17
LTF,2026-03-20,261.2,6384030,2183606,34.2
LTFOODS,2026-03-20,378.45,399854,158705,39.69
LTM,2026-03-20,4298.8,1110895,367385,33.07
LTTS,2026-03-20,3229.1,159292,45212,28.38
LUMAXIND,2026-03-20,5055.5,14978,5648,37.71
LUMAXTECH,2026-03-20,1568.0,134099,35855,26.74
LUPIN,2026-03-20,2322.5,1089433,630344,57.86
LUXIND,2026-03-20,941.1,48362,27466,56.79
LXCHEM,2026-03-20,120.16,538123,291655,54.2
LYKALABS,2026-03-20,54.95,215202,133940,62.24
M&M,2026-03-20,3066.1,4471960,2793383,62.46
M&MFIN,2026-03-20,308.35,1431140,609150,42.56
MACPOWER,2026-03-20,849.8,30549,18568,60.78
MAFANG,2026-03-20,159.12,126016,125425,99.53
MAGADSUGAR,2026-03-20,459.45,47740,22249,46.6
MAHABANK,2026-03-20,65.49,32971130,15199009,46.1
MAHAPEXLTD,2026-03-20,56.45,183679,92613,50.42
MAHLIFE,2026-03-20,341.4,97690,54971,56.27
MAHLOG,2026-03-20,365.7,188356,91809,48.74
MAHSCOOTER,2026-03-20,12441.0,1926,1202,62.41
MAHSEAMLES,2026-03-20,564.75,126663,67866,53.58
MAITHANALL,2026-03-20,935.3,78144,38345,49.07
MAMATA,2026-03-20,374.0,78492,40998,52.23
MANAKCOAT,2026-03-20,106.16,213545,115244,53.97
MANAPPURAM,2026-03-20,259.25,3301085,1243980,37.68
MANBA,2026-03-20,114.27,147197,90372,61.4
MANCREDIT,2026-03-20,170.39,106371,57516,54.07
MANGLMCEM,2026-03-20,833.8,77622,42982,55.37
MANINDS,2026-03-20,371.4,300250,88680,29.54
MANINFRA,2026-03-20,91.09,454573,278550,61.28
MANKIND,2026-03-20,2000.0,1185624,603621,50.91
MANORAMA,2026-03-20,1271.9,63142,32312,51.17
MANYAVAR,2026-03-20,355.15,740530,373510,50.44
MAPMYINDIA,2026-03-20,915.7,833767,94422,11.32
MARATHON,2026-03-20,418.95,80752,39283,48.65
MARICO,2026-03-20,744.3,1478190,991169,67.05
MARINE,2026-03-20,170.73,403911,225823,55.91
MARKOLINES,2026-03-20,151.49,254299,101274,39.82
MARKSANS,2026-03-20,170.05,1145396,691979,60.41
MARSONS,2026-03-20,133.97,479939,89871,18.73
MARUTI,2026-03-20,12601.0,725481,455782,62.82
MASFIN,2026-03-20,302.55,127811,77646,60.75
MASPTOP50,2026-03-20,67.9,207589,131434,63.31
MASTEK,2026-03-20,1449.5,84703,35964,42.46
MATRIMONY,2026-03-20,423.45,80065,44845,56.01
MAWANASUG,2026-03-20,82.6,184347,100250,54.38
MAXESTATES,2026-03-20,368.9,99592,29834,29.96
MAXHEALTH,2026-03-20,964.8,3883207,2444572,62.95
MAYURUNIQ,2026-03-20,509.35,62623,40017,63.9
MAZDOCK,2026-03-20,2324.1,1409370,387725,27.51
MBAPL,2026-03-20,453.05,940900,700482,74.45
MBEL,2026-03-20,271.05,85217,40773,47.85
MCLEODRUSS,2026-03-20,34.74,431883,231215,53.54
MCX,2026-03-20,2414.5,5214539,2023791,38.81
MEDANTA,2026-03-20,1005.7,462887,384891,83.15
MEDIASSIST,2026-03-20,325.15,216031,109948,50.89
MEDICO,2026-03-20,38.15,466780,331119,70.94
MEDPLUS,2026-03-20,820.65,88655,50085,56.49
MEESHO,2026-03-20,144.6,3376240,1746511,51.73
MEIL,2026-03-20,231.46,76694,41179,53.69
METROBRAND,2026-03-20,930.7,63724,31152,48.89
METROPOLIS,2026-03-20,441.1,486555,133416,27.42
MFSL,2026-03-20,1639.3,1037290,705198,67.98
MGL,2026-03-20,967.1,771478,327182,42.41
MHRIL,2026-03-20,256.75,51847,27826,53.67
MICEL,2026-03-20,32.81,593112,267605,45.12
MID150BEES,2026-03-20,209.34,1085615,704616,64.9
MIDHANI,2026-03-20,315.3,594584,200005,33.64
MIDSMALL,2026-03-20,44.39,710578,441020,62.06
MIDWESTLTD,2026-03-20,1239.1,42446,12457,29.35
MINDACORP,2026-03-20,502.5,199397,102328,51.32
MINDTECK,2026-03-20,170.0,76096,41035,53.93
MMFL,2026-03-20,428.25,27758,12921,46.55
MMTC,2026-03-20,60.04,10856978,1273690,11.73
MOBIKWIK,2026-03-20,181.82,512264,142452,27.81
MOCAPITAL,2026-03-20,44.6,606517,511587,84.35
MODEFENCE,2026-03-20,85.2,2370658,1543977,65.13
MODIS,2026-03-20,316.6,106381,55730,52.39
MOGOLD,2026-03-20,144.85,305382,70213,22.99
MOIL,2026-03-20,291.6,1866931,287538,15.4
MOL,2026-03-20,42.62,845071,417724,49.43
MOLDTKPAC,2026-03-20,512.15,33092,16515,49.91
MOM100,2026-03-20,59.13,559598,406138,72.58
MOMENTUM50,2026-03-20,47.36,525048,417706,79.56
MON100,2026-03-20,225.96,637679,350994,55.04
MONARCH,2026-03-20,268.0,53596,32590,60.81
MONTECARLO,2026-03-20,525.35,22144,13958,63.03
MOREALTY,2026-03-20,69.65,505348,245566,48.59
MOREPENLAB,2026-03-20,36.99,2536562,969711,38.23
MOSCHIP,2026-03-20,165.72,804944,308534,38.33
MOTHERSON,2026-03-20,111.59,20814836,10214849,49.07
MOTILALOFS,2026-03-20,662.6,681893,366115,53.69
MOVALUE,2026-03-20,111.69,453072,203512,44.92
MPHASIS,2026-03-20,2091.1,863296,450759,52.21
MPSLTD,2026-03-20,1506.0,20787,12546,60.36
MRF,2026-03-20,127535.0,12604,5591,44.36
MRPL,2026-03-20,191.19,46357562,3110388,6.71
MSPL,2026-03-20,30.04,1084365,777162,71.67
MSTCLTD,2026-03-20,415.65,252264,127531,50.55
MSUMI,2026-03-20,36.98,11985935,6673986,55.68
MTARTECH,2026-03-20,3525.3,183750,56291,30.63
MUFIN,2026-03-20,102.99,324888,154060,47.42
MUFTI,2026-03-20,74.61,142049,84250,59.31
MUTHOOTFIN,2026-03-20,3315.9,1556677,895262,57.51
MUTHOOTMF,2026-03-20,150.85,123765,64314,51.96
MWL,2026-03-20,265.65,142204,75155,52.85
NACLIND,2026-03-20,137.99,497824,261886,52.61
NAHARSPING,2026-03-20,210.54,66393,40227,60.59
NAM-INDIA,2026-03-20,838.9,644988,354814,55.01
NATCOPHARM,2026-03-20,959.2,743788,219491,29.51
NATIONALUM,2026-03-20,368.5,34262576,16391243,47.84
NAUKRI,2026-03-20,978.2,1956522,1082799,55.34
NAVA,2026-03-20,553.5,229464,133689,58.26
NAVINFLUOR,2026-03-20,6124.0,121646,56613,46.54
NAVKARCORP,2026-03-20,82.77,293512,174819,59.56
NAVNETEDUL,2026-03-20,127.07,99891,56521,56.58
NAZARA,2026-03-20,235.35,2453644,1547962,63.09
NBCC,2026-03-20,83.91,13414557,4426144,33.0
NCC,2026-03-20,140.59,3472790,1383323,39.83
NCLIND,2026-03-20,169.8,82969,52498,63.27
NDTV,2026-03-20,69.95,163060,83668,51.31
NELCO,2026-03-20,587.35,61786,28088,45.46
NEOGEN,2026-03-20,1336.4,41190,14707,35.71
NEPHROPLUS,2026-03-20,532.9,88397,40464,45.78
NESCO,2026-03-20,1055.4,103569,62994,60.82
NESTLEIND,2026-03-20,1193.6,1395157,742031,53.19
NETWEB,2026-03-20,3284.4,715614,102905,14.38
NETWORK18,2026-03-20,30.91,4762061,2191643,46.02
NEULANDLAB,2026-03-20,11995.0,37456,12984,34.66
NEWGEN,2026-03-20,440.6,953676,221610,23.24
NEXT50,2026-03-20,656.18,38258,25952,67.83
NEXT50IETF,2026-03-20,67.3,1127830,664595,58.93
NFL,2026-03-20,69.39,1189586,406062,34.13
NH,2026-03-20,1652.2,291013,187696,64.5
NHPC,2026-03-20,76.8,19824270,8789106,44.34
NIACL,2026-03-20,132.51,954344,548937,57.52
NIBE,2026-03-20,956.7,49389,25457,51.54
NIF100BEES,2026-03-20,251.73,116342,71222,61.22
NIFTY1,2026-03-20,255.23,269216,106636,39.61
NIFTYBEES,2026-03-20,262.07,12105983,8354420,69.01
NIFTYBETA,2026-03-20,255.26,352528,314067,89.09
NIFTYETF,2026-03-20,250.08,1471983,1330538,90.39
NIFTYIETF,2026-03-20,260.69,1502201,801841,53.38
NIITLTD,2026-03-20,59.71,3881237,2251552,58.01
NIITMTS,2026-03-20,298.95,100314,48504,48.35
NITCO,2026-03-20,81.38,537868,227749,42.34
NITINSPIN,2026-03-20,368.5,54795,21494,39.23
NIVABUPA,2026-03-20,70.0,489121,270927,55.39
NLCINDIA,2026-03-20,266.35,4195734,1506884,35.91
NMDC,2026-03-20,79.78,39390638,16932521,42.99
NOCIL,2026-03-20,143.96,534028,304893,57.09
NORTHARC,2026-03-20,234.25,359188,200748,55.89
NPST,2026-03-20,1105.9,130311,33648,25.82
NRBBEARING,2026-03-20,242.6,111745,61484,55.02
NSIL,2026-03-20,5365.5,3274,1971,60.2
NSLNISP,2026-03-20,36.7,4172072,1821463,43.66
NTPC,2026-03-20,380.95,20930288,13932597,66.57
NTPCGREEN,2026-03-20,101.1,20150451,5211142,25.86
NUCLEUS,2026-03-20,811.6,20286,8972,44.23
NUVAMA,2026-03-20,1147.5,178025,76816,43.15
NUVOCO,2026-03-20,286.2,164410,67109,40.82
NYKAA,2026-03-20,240.6,9494678,6047399,63.69
OBEROIRLTY,2026-03-20,1445.8,758939,371713,48.98
OFSS,2026-03-20,6580.0,200334,55925,27.92
OIL,2026-03-20,475.5,4106460,1732071,42.18
OLECTRA,2026-03-20,1097.4,9112475,718563,7.89
OMNI,2026-03-20,243.99,684033,183635,26.85
ONEPOINT,2026-03-20,44.52,1991856,1089437,54.69
ONESOURCE,2026-03-20,1456.4,1613767,959273,59.44
ONGC,2026-03-20,265.4,19436124,9944872,51.17
ONWARDTEC,2026-03-20,238.8,44823,31020,69.21
OPTIEMUS,2026-03-20,334.2,211712,129824,61.32
ORCHPHARMA,2026-03-20,532.55,68885,27774,40.32
ORIENTCEM,2026-03-20,132.37,512801,280940,54.79
ORIENTCER,2026-03-20,38.65,1345133,1311374,97.49
ORIENTELEC,2026-03-20,166.3,289866,135381,46.7
ORIENTHOT,2026-03-20,91.8,138334,88665,64.09
ORIENTTECH,2026-03-20,262.95,216711,57768,26.66
ORISSAMINE,2026-03-20,3604.0,39160,7771,19.84
ORKLAINDIA,2026-03-20,569.5,100752,51564,51.18
OSWALPUMPS,2026-03-20,314.5,1262230,399838,31.68
PACEDIGITK,2026-03-20,164.36,388206,234887,60.51
PAGEIND,2026-03-20,32005.0,23953,11801,49.27
PAISALO,2026-03-20,35.07,5406296,3213528,59.44
PAKKA,2026-03-20,85.11,149764,82281,54.94
PANACEABIO,2026-03-20,329.65,123565,71703,58.03
PANAMAPET,2026-03-20,262.6,41388,28207,68.15
PANSARI,2026-03-20,276.1,37720,35316,93.63
PAR,2026-03-20,86.76,135228,130184,96.27
PARACABLES,2026-03-20,34.76,612116,354764,57.96
PARADEEP,2026-03-20,110.77,5045620,2341166,46.4
PARAGMILK,2026-03-20,198.92,681428,320480,47.03
PARAS,2026-03-20,627.2,439389,151442,34.47
PARKHOSPS,2026-03-20,199.16,698027,281705,40.36
PARKHOTELS,2026-03-20,108.47,967775,725627,74.98
PATANJALI,2026-03-20,474.6,1300103,592319,45.56
PATELRMART,2026-03-20,167.38,94838,48736,51.39
PAUSHAKLTD,2026-03-20,400.15,34489,26535,76.94
PAYTM,2026-03-20,1054.3,2527519,1004298,39.73
PCBL,2026-03-20,248.05,847270,303171,35.78
PDSL,2026-03-20,260.8,135243,84155,62.23
PENIND,2026-03-20,142.87,810750,328466,40.51
PERSISTENT,2026-03-20,4716.7,654131,293978,44.94
PETRONET,2026-03-20,257.65,10174024,4464586,43.88
PFC,2026-03-20,412.85,12199222,5733948,47.0
PFIZER,2026-03-20,4773.5,6676,3732,55.9
PFOCUS,2026-03-20,276.65,13266651,7031104,53.0
PGEL,2026-03-20,512.75,3262832,1026207,31.45
PGHH,2026-03-20,9707.0,51792,33078,63.87
PGHL,2026-03-20,4860.6,29212,14781,50.6
PGIL,2026-03-20,1489.5,30411,11202,36.84
PHOENIXLTD,2026-03-20,1543.1,1012968,596961,58.93
PICCADIL,2026-03-20,540.45,138322,69931,50.56
PIDILITIND,2026-03-20,1341.3,898444,556017,61.89
PIIND,2026-03-20,2909.5,519308,283397,54.57
PILANIINVS,2026-03-20,4738.6,36353,28730,79.03
PINELABS,2026-03-20,164.47,854221,342045,40.04
PIRAMALFIN,2026-03-20,1845.9,437625,236033,53.93
PITTIENG,2026-03-20,775.9,53842,27614,51.29
PIXTRANS,2026-03-20,1453.0,16163,5499,34.02
PLATIND,2026-03-20,203.87,71003,41135,57.93
PNB,2026-03-20,111.53,17182097,6687729,38.92
PNBGILTS,2026-03-20,68.55,271102,144004,53.12
PNBHOUSING,2026-03-20,791.9,1237594,714710,57.75
PNCINFRA,2026-03-20,186.21,304614,148285,48.68
PNGJL,2026-03-20,570.2,198401,93267,47.01
PNGSREVA,2026-03-20,368.3,45898,33309,72.57
POCL,2026-03-20,1049.4,169655,80654,47.54
POKARNA,2026-03-20,828.2,40339,14843,36.8
POLICYBZR,2026-03-20,1497.1,881630,468783,53.17
POLYCAB,2026-03-20,7171.0,450944,251705,55.82
POLYMED,2026-03-20,1240.9,177795,75106,42.24
POLYPLEX,2026-03-20,852.55,77471,49649,64.09
POONAWALLA,2026-03-20,393.6,2014796,1192821,59.2
POWERGRID,2026-03-20,297.6,28392470,18151768,63.93
POWERINDIA,2026-03-20,25025.0,180060,80494,44.7
POWERMECH,2026-03-20,1994.0,54126,20957,38.72
PPLPHARMA,2026-03-20,138.35,3742561,1770286,47.3
PRABHA,2026-03-20,157.4,92855,63310,68.18
PRAJIND,2026-03-20,315.15,2020019,628660,31.12
PRAKASH,2026-03-20,121.28,553752,350563,63.31
PRECAM,2026-03-20,117.45,262289,88954,33.91
PRECWIRE,2026-03-20,302.35,600587,125960,20.97
PREMEXPLN,2026-03-20,438.0,123879,62080,50.11
PREMIERENE,2026-03-20,864.75,2542018,946220,37.22
PREMIERPOL,2026-03-20,59.96,323119,148230,45.87
PRESTIGE,2026-03-20,1248.2,563584,262759,46.62
PRICOLLTD,2026-03-20,533.55,276029,156977,56.87
PRINCEPIPE,2026-03-20,238.85,92020,41570,45.17
PRIVISCL,2026-03-20,2927.3,19586,9542,48.72
PROSTARM,2026-03-20,127.91,298793,147961,49.52
PROTEAN,2026-03-20,522.2,360613,183523,50.89
PRSMJOHNSN,2026-03-20,125.03,89281,57356,64.24
PRUDENT,2026-03-20,2236.6,10293,4113,39.96
PSPPROJECT,2026-03-20,651.2,42019,28488,67.8
PSUBANK,2026-03-20,856.15,52729,18277,34.66
PSUBNKBEES,2026-03-20,95.44,2388250,1145129,47.95
PSUBNKIETF,2026-03-20,86.94,246898,80340,32.54
PTC,2026-03-20,165.18,1167570,635276,54.41
PTCIL,2026-03-20,17418.0,15301,7088,46.32
PURVA,2026-03-20,180.04,146130,69304,47.43
PVRINOX,2026-03-20,986.0,446230,191586,42.93
PWL,2026-03-20,89.95,25398502,3511990,13.83
QGOLDHALF,2026-03-20,121.41,143336,58627,40.9
QPOWER,2026-03-20,834.55,1282618,306691,23.91
QUADFUTURE,2026-03-20,300.05,209047,49299,23.58
QUESS,2026-03-20,177.73,181701,110509,60.82
QUICKHEAL,2026-03-20,144.76,236516,87483,36.99
RACLGEAR,2026-03-20,1250.2,28121,9962,35.43
RADICO,2026-03-20,2660.5,407415,208727,51.23
RAILTEL,2026-03-20,271.5,996603,389183,39.05
RAIN,2026-03-20,108.91,2242855,1105219,49.28
RAINBOW,2026-03-20,1114.3,89133,46412,52.07
RAJOOENG,2026-03-20,55.89,642318,360930,56.19
RAJRATAN,2026-03-20,370.65,53092,30580,57.6
RALLIS,2026-03-20,238.65,204499,88139,43.1
RAMCOCEM,2026-03-20,925.2,385853,232020,60.13
RAMCOSYS,2026-03-20,394.7,78674,35613,45.27
RAMKY,2026-03-20,463.55,110616,68439,61.87
RAMRAT,2026-03-20,307.55,66513,18417,27.69
RATEGAIN,2026-03-20,481.6,335824,211865,63.09
RATNAMANI,2026-03-20,2310.8,16530,8767,53.04
RATNAVEER,2026-03-20,139.68,460877,179659,38.98
RAYMOND,2026-03-20,372.95,292668,80589,27.54
RAYMONDLSL,2026-03-20,869.2,561700,113264,20.16
RAYMONDREL,2026-03-20,416.5,368101,168295,45.72
RBA,2026-03-20,61.13,1432798,869207,60.67
RBLBANK,2026-03-20,297.25,2777300,929671,33.47
RCF,2026-03-20,116.61,1291051,374340,28.99
RECLTD,2026-03-20,330.5,10305459,4755285,46.14
REDINGTON,2026-03-20,217.35,3950377,1444175,36.56
REDTAPE,2026-03-20,117.2,195682,87831,44.88
REFEX,2026-03-20,200.53,467144,187042,40.04
REGAAL,2026-03-20,69.95,426551,181738,42.61
RELAXO,2026-03-20,273.95,119840,59525,49.67
RELIANCE,2026-03-20,1414.4,22994918,12900815,56.1
RELIGARE,2026-03-20,215.94,375430,166246,44.28
REMSONSIND,2026-03-20,86.31,288447,126361,43.81
REPCOHOME,2026-03-20,351.15,52960,30007,56.66
REPRO,2026-03-20,366.1,27389,21073,76.94
RESPONIND,2026-03-20,152.12,154087,100224,65.04
RGL,2026-03-20,93.49,1659904,396836,23.91
RHIM,2026-03-20,370.35,107864,51671,47.9
RICOAUTO,2026-03-20,109.18,1492187,272308,18.25
RIIL,2026-03-20,715.0,3050314,176241,5.78
RITES,2026-03-20,191.56,321658,145769,45.32
RKFORGE,2026-03-20,499.6,360093,209048,58.05
ROHLTD,2026-03-20,313.65,82119,52306,63.7
ROLEXRINGS,2026-03-20,119.14,549786,219159,39.86
ROSSARI,2026-03-20,411.35,58294,34968,59.99
ROSSELLIND,2026-03-20,46.85,355416,342399,96.34
ROSSTECH,2026-03-20,720.1,59459,27571,46.37
ROTO,2026-03-20,56.67,566198,171255,30.25
ROUTE,2026-03-20,468.0,258049,87866,34.05
RPEL,2026-03-20,642.6,32536,19734,60.65
RPGLIFE,2026-03-20,1879.7,9603,5856,60.98
RPSGVENT,2026-03-20,604.0,19520,11720,60.04
RRKABEL,2026-03-20,1391.4,143841,74340,51.68
RSL,2026-03-20,114.13,2516636,757791,30.11
RSYSTEMS,2026-03-20,264.15,348155,63130,18.13
RUBICON,2026-03-20,782.95,84344,37552,44.52
RUPA,2026-03-20,123.93,101748,55025,54.08
RUSTOMJEE,2026-03-20,375.05,61268,35474,57.9
RVNL,2026-03-20,264.55,4440790,1158624,26.09
SAATVIKGL,2026-03-20,371.9,138815,49832,35.9
SAFARI,2026-03-20,1520.5,58214,27839,47.82
SAGCEM,2026-03-20,167.68,116429,71149,61.11
SAGILITY,2026-03-20,39.06,111655168,64121493,57.43
SAIL,2026-03-20,155.52,25811397,10794545,41.82
SAILIFE,2026-03-20,1000.05,363326,184376,50.75
SAKAR,2026-03-20,531.0,54955,21107,38.41
SAKSOFT,2026-03-20,119.57,225044,120396,53.5
SALZERELEC,2026-03-20,551.1,68479,33139,48.39
SAMBHV,2026-03-20,94.48,1261842,474688,37.62
SAMHI,2026-03-20,144.32,1003330,614925,61.29
SAMMAANCAP,2026-03-20,137.97,11983090,5819808,48.57
SANDHAR,2026-03-20,477.3,38344,18985,49.51
SANDUMA,2026-03-20,185.29,1588764,397252,25.0
SANGHIIND,2026-03-20,50.44,976151,633211,64.87
SANGHVIMOV,2026-03-20,241.15,339913,164811,48.49
SANOFI,2026-03-20,3386.1,12565,6836,54.41
SANOFICONR,2026-03-20,4252.0,4526,2026,44.76
SANSERA,2026-03-20,2177.9,205229,79066,38.53
SANSTAR,2026-03-20,82.4,128901,78180,60.65
SAPPHIRE,2026-03-20,160.13,752560,487225,64.74
SARDAEN,2026-03-20,508.75,462140,224653,48.61
SAREGAMA,2026-03-20,344.1,269143,163177,60.63
SASKEN,2026-03-20,1174.4,51287,16745,32.65
SATIN,2026-03-20,145.16,103535,56315,54.39
SBC,2026-03-20,31.61,10921987,5441378,49.82
SBCL,2026-03-20,405.55,133628,86991,65.1
SBFC,2026-03-20,86.77,1533707,815507,53.17
SBICARD,2026-03-20,688.75,2019181,995929,49.32
SBILIFE,2026-03-20,1896.9,1782505,1314697,73.76
SBILIQETF,2026-03-20,1031.43,277170,277109,99.98
SBIN,2026-03-20,1058.0,17748625,9830264,55.39
SBISILVER,2026-03-20,224.89,3899564,1062677,27.25
SCHAEFFLER,2026-03-20,4186.5,213502,125258,58.67
SCI,2026-03-20,233.35,2063216,560791,27.18
SCILAL,2026-03-20,41.65,351195,222435,63.34
SCODATUBES,2026-03-20,124.78,154702,111681,72.19
SDBL,2026-03-20,74.66,1607068,931259,57.95
SEAMECLTD,2026-03-20,1379.3,21668,12196,56.29
SEDEMAC,2026-03-20,1501.2,96223,46834,48.67
SENCO,2026-03-20,295.95,424683,200996,47.33
SENORES,2026-03-20,751.6,60185,30500,50.68
SENSEXIETF,2026-03-20,852.5,32905,15565,47.3
SERVOTECH,2026-03-20,68.71,504096,249706,49.54
SETFGOLD,2026-03-20,124.78,13242940,5651740,42.68
SETFNIF50,2026-03-20,247.83,2013002,1613232,80.14
SETFNIFBK,2026-03-20,546.43,80449,26548,33.0
SETFNN50,2026-03-20,682.25,40268,28529,70.85
SETL,2026-03-20,116.81,222573,116935,52.54
SFL,2026-03-20,516.0,48799,23395,47.94
SGFIN,2026-03-20,376.6,48393,22543,46.58
SGMART,2026-03-20,433.0,75637,39397,52.09
SHADOWFAX,2026-03-20,112.11,685224,372255,54.33
SHAILY,2026-03-20,2399.0,1878101,726236,38.67
SHAKTIPUMP,2026-03-20,496.45,952060,312366,32.81
SHALBY,2026-03-20,140.08,78789,31994,40.61
SHANTIGOLD,2026-03-20,184.62,105367,47255,44.85
SHARDACROP,2026-03-20,978.6,202245,92978,45.97
SHARDAMOTR,2026-03-20,786.35,72262,58379,80.79
SHAREINDIA,2026-03-20,125.04,743207,311799,41.95
SHILCTECH,2026-03-20,3977.3,25952,10880,41.92
SHILPAMED,2026-03-20,323.25,239559,156214,65.21
SHIVALIK,2026-03-20,233.7,95789,59991,62.63
SHK,2026-03-20,124.84,299961,163286,54.44
SHOPERSTOP,2026-03-20,288.5,67242,41049,61.05
SHREDIGCEM,2026-03-20,60.14,291153,141896,48.74
SHREECEM,2026-03-20,23535.0,29852,17072,57.19
SHREEJISPG,2026-03-20,357.8,316700,40822,12.89
SHRINGARMS,2026-03-20,190.16,614580,174372,28.37
SHRIPISTON,2026-03-20,3125.0,932879,516598,55.38
SHRIRAMFIN,2026-03-20,938.6,28550627,16283901,57.04
SHRIRAMPPS,2026-03-20,68.22,837694,564644,67.4
SHYAMMETL,2026-03-20,795.3,197742,144719,73.19
SIEMENS,2026-03-20,3129.6,336513,112611,33.46
SIGMAADV,2026-03-20,172.48,251180,151939,60.49
SIGNATURE,2026-03-20,763.65,331676,62917,18.97
SILGO,2026-03-20,71.71,154180,27801,18.03
SILVER,2026-03-20,228.73,2732031,583085,21.34
SILVER360,2026-03-20,225.17,93528,32674,34.93
SILVERADD,2026-03-20,221.16,3538773,2476020,69.97
SILVERAG,2026-03-20,223.96,1064298,660836,62.09
SILVERBEES,2026-03-20,219.9,68961100,14078532,20.42
SILVERBETA,2026-03-20,221.67,1106562,255777,23.11
SILVERBND,2026-03-20,230.45,83531,36044,43.15
SILVERIETF,2026-03-20,228.87,11615477,3525128,30.35
SILVERTUC,2026-03-20,123.0,173563,124680,71.84
SIMPLEXINF,2026-03-20,165.24,232652,172864,74.3
SIRCA,2026-03-20,429.25,171041,51325,30.01
SIS,2026-03-20,273.65,47405,32970,69.55
SIYSIL,2026-03-20,475.35,37877,19544,51.6
SJS,2026-03-20,1583.8,71339,36309,50.9
SJVN,2026-03-20,70.08,9815044,4095970,41.73
SKFINDIA,2026-03-20,1537.4,29879,16130,53.98
SKFINDUS,2026-03-20,2178.9,11006,5878,53.41
SKIPPER,2026-03-20,350.15,257843,140561,54.51
SKMEGGPROD,2026-03-20,154.86,171824,76636,44.6
SKYGOLD,2026-03-20,346.65,337426,146352,43.37
SMALLCAP,2026-03-20,39.06,2744608,1587885,57.85
SMARTWORKS,2026-03-20,393.45,60117,30966,51.51
SMCGLOBAL,2026-03-20,64.8,185316,103989,56.11
SMLMAH,2026-03-20,4050.3,93547,30453,32.55
SMSPHARMA,2026-03-20,385.05,491633,138808,28.23
SOBHA,2026-03-20,1267.2,148250,49545,33.42
SOLARA,2026-03-20,450.2,67246,34239,50.92
SOLARINDS,2026-03-20,12934.0,156790,63980,40.81
SOLARWORLD,2026-03-20,159.7,159489,47544,29.81
SOLEX,2026-03-20,1009.75,129876,37299,28.72
SOMANYCERA,2026-03-20,378.3,42520,12231,28.77
SONACOMS,2026-03-20,506.25,1298483,644983,49.67
SONATSOFTW,2026-03-20,236.75,414537,141163,34.05
SOUTHBANK,2026-03-20,36.01,19063663,8296248,43.52
SOUTHWEST,2026-03-20,204.04,125419,60880,48.54
SPANDANA,2026-03-20,207.85,124956,50948,40.77
SPARC,2026-03-20,115.42,422784,176344,41.71
SPECTRUM,2026-03-20,1440.6,7782,3238,41.61
SPIC,2026-03-20,61.43,579151,195387,33.74
SPLPETRO,2026-03-20,653.95,64968,29702,45.72
SPMLINFRA,2026-03-20,168.1,255114,89517,35.09
SPORTKING,2026-03-20,117.27,425357,143304,33.69
SRF,2026-03-20,2454.5,676836,344744,50.93
SRM,2026-03-20,404.15,77068,43994,57.08
SRTL,2026-03-20,48.42,403245,204416,50.69
SSWL,2026-03-20,185.46,435109,142071,32.65
STALLION,2026-03-20,114.69,809021,336795,41.63
STANLEY,2026-03-20,144.86,164343,117315,71.38
STAR,2026-03-20,903.65,246535,131189,53.21
STARCEMENT,2026-03-20,216.39,594496,393180,66.14
STARHEALTH,2026-03-20,452.0,477160,329353,69.02
STCINDIA,2026-03-20,107.42,113763,33792,29.7
STEELCAS,2026-03-20,228.96,48577,38789,79.85
STERTOOLS,2026-03-20,177.55,145812,37575,25.77
STLTECH,2026-03-20,188.56,6524220,1835364,28.13
STOVEKRAFT,2026-03-20,498.75,337124,102611,30.44
STYL,2026-03-20,231.4,364871,265588,72.79
STYLAMIND,2026-03-20,2205.7,16847,12539,74.43
STYLEBAAZA,2026-03-20,242.85,458666,324925,70.84
STYRENIX,2026-03-20,1969.7,17445,10229,58.64
SUBROS,2026-03-20,676.55,30336,13100,43.18
SUDARSCHEM,2026-03-20,812.55,233884,123244,52.69
SUDEEPPHRM,2026-03-20,613.85,247121,216387,87.56
SULA,2026-03-20,152.62,355923,184128,51.73
SUMICHEM,2026-03-20,387.0,346351,256881,74.17
SUMMITSEC,2026-03-20,1496.0,6942,4136,59.58
SUNCLAY,2026-03-20,1289.7,7977,5025,62.99
SUNDARMFIN,2026-03-20,4678.0,165943,93216,56.17
SUNDRMFAST,2026-03-20,813.0,1429028,1076773,75.35
SUNDROP,2026-03-20,621.65,23380,17936,76.72
SUNFLAG,2026-03-20,217.64,121794,56531,46.42
SUNPHARMA,2026-03-20,1777.1,3591446,2484862,69.19
SUNTECK,2026-03-20,307.7,131668,70071,53.22
SUNTV,2026-03-20,592.95,385619,222713,57.75
SUPRAJIT,2026-03-20,402.55,42803,22736,53.12
SUPREMEIND,2026-03-20,3834.4,190267,86397,45.41
SUPRIYA,2026-03-20,584.2,95765,49965,52.17
SURAJEST,2026-03-20,201.39,157780,95878,60.77
SURYAROSNI,2026-03-20,209.08,259309,133658,51.54
SURYODAY,2026-03-20,123.54,564403,369132,65.4
SUVEN,2026-03-20,134.03,304790,169860,55.73
SUYOG,2026-03-20,679.9,23082,13142,56.94
SUZLON,2026-03-20,41.95,71960845,26148512,36.34
SWANCORP,2026-03-20,318.6,1329225,768103,57.79
SWARAJENG,2026-03-20,3560.6,6392,3447,53.93
SWELECTES,2026-03-20,553.85,18385,9086,49.42
SWIGGY,2026-03-20,282.8,36778157,21070676,57.29
SWSOLAR,2026-03-20,171.65,1370218,657526,47.99
SYMPHONY,2026-03-20,771.45,139106,71387,51.32
SYNGENE,2026-03-20,414.75,1084878,629180,58.0
SYRMA,2026-03-20,783.9,1772628,434463,24.51
TAJGVK,2026-03-20,301.85,107551,65140,60.57
TALBROAUTO,2026-03-20,236.55,248692,95708,38.48
TANLA,2026-03-20,423.05,340385,157262,46.2
TARC,2026-03-20,123.09,767158,483078,62.97
TARIL,2026-03-20,285.15,4133994,784926,18.99
TARSONS,2026-03-20,184.47,102112,54692,53.56
TASTYBITE,2026-03-20,6729.5,7536,4359,57.84
TATACAP,2026-03-20,317.1,3295475,1759775,53.4
TATACHEM,2026-03-20,633.3,453520,256898,56.65
TATACOMM,2026-03-20,1416.8,269220,175743,65.28
TATACONSUM,2026-03-20,1050.2,2095970,1410438,67.29
TATAELXSI,2026-03-20,4237.7,826879,121958,14.75
TATAINVEST,2026-03-20,602.6,329062,145876,44.33
TATAPOWER,2026-03-20,402.4,25154921,9108857,36.21
TATASTEEL,2026-03-20,196.77,46881257,20211635,43.11
TATATECH,2026-03-20,539.65,1210072,493571,40.79
TATVA,2026-03-20,1128.5,37414,16945,45.29
TBOTEK,2026-03-20,1068.1,64469,28356,43.98
TBZ,2026-03-20,129.06,170159,62833,36.93
TCI,2026-03-20,944.6,17969,12133,67.52
TCIEXP,2026-03-20,498.15,26412,18347,69.46
TCPLPACK,2026-03-20,2334.7,6893,4502,65.31
TCS,2026-03-20,2390.6,4206320,2435470,57.9
TDPOWERSYS,2026-03-20,863.25,908057,328808,36.21
TEAMLEASE,2026-03-20,1188.5,135053,102131,75.62
TECHM,2026-03-20,1384.8,3397016,1945419,57.27
TECHNOE,2026-03-20,1089.6,189896,92730,48.83
TEGA,2026-03-20,1725.0,1246070,756663,60.72
TEJASNET,2026-03-20,435.95,3699413,586256,15.85
TEMBO,2026-03-20,501.4,63392,19534,30.81
TENNIND,2026-03-20,546.5,294561,120939,41.06
TEXINFRA,2026-03-20,89.08,135846,107013,78.78
TEXRAIL,2026-03-20,89.63,1844383,904607,49.05
TFCILTD,2026-03-20,65.45,5103029,4339701,85.04
THANGAMAYL,2026-03-20,3328.8,101768,38974,38.3
THEJO,2026-03-20,1555.7,28918,24896,86.09
THELEELA,2026-03-20,399.3,182898,119743,65.47
THERMAX,2026-03-20,3227.4,191817,142530,74.31
THOMASCOOK,2026-03-20,103.34,2930280,790973,26.99
THOMASCOTT,2026-03-20,273.35,85499,22713,26.57
THYROCARE,2026-03-20,351.35,414102,273267,65.99
TI,2026-03-20,434.4,1061835,566684,53.37
TIIL,2026-03-20,2189.8,9082,5669,62.42
TIINDIA,2026-03-20,2537.3,389938,223159,57.23
TIL,2026-03-20,187.24,82289,65019,79.01
TIMETECHNO,2026-03-20,162.22,3767483,1714431,45.51
TIMKEN,2026-03-20,3163.3,28539,15936,55.84
TINNARUBR,2026-03-20,626.6,17723,10109,57.04
TIPSMUSIC,2026-03-20,515.55,63367,33201,52.39
TIRUMALCHM,2026-03-20,174.37,488066,179742,36.83
TIRUPATIFL,2026-03-20,46.88,871587,491276,56.37
TITAGARH,2026-03-20,626.35,527597,163606,31.01
TITAN,2026-03-20,4106.6,1019586,626637,61.46
TMB,2026-03-20,599.0,313734,118423,37.75
TMCV,2026-03-20,419.65,12096032,7307626,60.41
TMPV,2026-03-20,314.1,13905760,8413366,60.5
TNPETRO,2026-03-20,82.13,131899,72162,54.71
TOP10ADD,2026-03-20,85.99,227145,187629,82.6
TORNTPHARM,2026-03-20,4270.2,269110,161462,60.0
TORNTPOWER,2026-03-20,1450.7,564876,252589,44.72
TRANSRAILL,2026-03-20,500.4,407327,161862,39.74
TRAVELFOOD,2026-03-20,1118.3,156188,137619,88.11
TRENT,2026-03-20,3559.6,837217,417601,49.88
TRF,2026-03-20,230.45,48806,43300,88.72
TRITURBINE,2026-03-20,456.15,259444,151778,58.5
TRIVENI,2026-03-20,359.8,677475,182073,26.88
TRUALT,2026-03-20,409.25,389049,245034,62.98
TSFINV,2026-03-20,366.6,59500,27790,46.71
TTKPRESTIG,2026-03-20,466.4,353310,149169,42.22
TTML,2026-03-20,36.17,10328368,4893539,47.38
TVSELECT,2026-03-20,405.15,170327,42659,25.05
TVSHLTD,2026-03-20,13846.0,10680,5685,53.23
TVSMOTOR,2026-03-20,3462.2,744363,394785,53.04
TVSSRICHAK,2026-03-20,3560.3,3751,2491,66.41
UBL,2026-03-20,1568.9,282618,168861,59.75
UDS,2026-03-20,138.14,109882,60413,54.98
UFBL,2026-03-20,235.38,76297,35957,47.13
UFLEX,2026-03-20,434.7,24206,18858,77.91
UGARSUGAR,2026-03-20,38.35,289113,114419,39.58
UGROCAP,2026-03-20,94.3,822430,238766,29.03
UJJIVANSFB,2026-03-20,53.36,15280695,6453646,42.23
ULTRACEMCO,2026-03-20,10934.0,365914,232749,63.61
UNIECOM,2026-03-20,91.64,436178,178074,40.83
UNIMECH,2026-03-20,795.85,78855,27057,34.31
UNIONBANK,2026-03-20,177.63,18846899,7584507,40.24
UNIPARTS,2026-03-20,456.0,36547,21873,59.85
UNITDSPR,2026-03-20,1300.1,867349,513200,59.17
UNITEDTEA,2026-03-20,511.0,39440,39009,98.91
UNIVCABLES,2026-03-20,675.95,167308,48081,28.74
UNOMINDA,2026-03-20,1067.0,1061778,659129,62.08
UPL,2026-03-20,625.55,4640376,2708504,58.37
URBANCO,2026-03-20,114.12,11880742,3752140,31.58
USHAMART,2026-03-20,400.85,626335,358865,57.3
UTIAMC,2026-03-20,939.0,57359,31839,55.51
UTLSOLAR,2026-03-20,202.01,179174,90997,50.79
UTTAMSUGAR,2026-03-20,230.47,939798,209006,22.24
V2RETAIL,2026-03-20,1912.2,74556,40366,54.14
VADILALIND,2026-03-20,4531.8,6703,3568,53.23
VAIBHAVGBL,2026-03-20,204.73,418996,245774,58.66
VALIANTLAB,2026-03-20,61.1,638512,245559,38.46
VALIANTORG,2026-03-20,269.3,432977,77436,17.88
VARROC,2026-03-20,498.2,107738,65897,61.16
VASCONEQ,2026-03-20,31.64,718222,335921,46.77
VBL,2026-03-20,401.45,5524922,3225074,58.37
VEDL,2026-03-20,672.2,25993024,16475019,63.38
VEEDOL,2026-03-20,1331.3,12816,6852,53.46
VENKEYS,2026-03-20,1305.2,86353,36252,41.98
VENTIVE,2026-03-20,641.4,87261,59651,68.36
VENUSPIPES,2026-03-20,949.5,73220,42725,58.35
VENUSREM,2026-03-20,868.25,37741,21047,55.77
VERANDA,2026-03-20,137.53,545238,236966,43.46
VESUVIUS,2026-03-20,478.35,63187,41860,66.25
VGUARD,2026-03-20,324.85,115492,65980,57.13
VIDYAWIRES,2026-03-20,54.19,1686511,484249,28.71
VIJAYA,2026-03-20,904.6,80135,42604,53.17
VIKRAMSOLR,2026-03-20,192.58,2136449,693455,32.46
VIKRAN,2026-03-20,60.91,2493560,956924,38.38
VIMTALABS,2026-03-20,427.2,165633,57372,34.64
VINATIORGA,2026-03-20,1386.2,53182,29904,56.23
VINCOFE,2026-03-20,131.84,2863602,1060831,37.05
VINDHYATEL,2026-03-20,1058.6,16042,8875,55.32
VIPIND,2026-03-20,336.65,409941,208814,50.94
VISAKAIND,2026-03-20,57.05,235124,190649,81.08
VISHNU,2026-03-20,513.3,52740,31756,60.21
VIYASH,2026-03-20,188.43,545603,304065,55.73
VMART,2026-03-20,510.2,121990,75215,61.66
VMM,2026-03-20,102.3,9665825,4723106,48.86
VOLTAMP,2026-03-20,8604.5,21269,10234,48.12
VOLTAS,2026-03-20,1324.5,681533,258824,37.98
VPRPL,2026-03-20,36.95,1308041,548584,41.94
VRLLOG,2026-03-20,241.45,145679,89414,61.38
VSSL,2026-03-20,232.85,91328,33301,36.46
VSTIND,2026-03-20,213.88,423732,231670,54.67
VSTTILLERS,2026-03-20,5239.0,13240,6189,46.74
VTL,2026-03-20,532.9,367237,123558,33.65
WAAREEENER,2026-03-20,3165.9,2180409,472249,21.66
WAAREERTL,2026-03-20,850.25,248673,95843,38.54
WABAG,2026-03-20,1236.9,389764,133328,34.21
WAKEFIT,2026-03-20,162.25,482213,359860,74.63
WALCHANNAG,2026-03-20,148.14,877489,280349,31.95
WEBELSOLAR,2026-03-20,74.85,59798203,8009994,13.4
WEL,2026-03-20,134.0,100731,62307,61.85
WELCORP,2026-03-20,803.85,262170,132621,50.59
WELENT,2026-03-20,462.35,67600,36364,53.79
WELSPUNLIV,2026-03-20,114.57,2114433,976157,46.17
WENDT,2026-03-20,6732.0,6606,3966,60.04
WESTLIFE,2026-03-20,437.55,220305,47562,21.59
WEWORK,2026-03-20,470.0,82753,47134,56.96
WHEELS,2026-03-20,1027.2,147501,81290,55.11
WHIRLPOOL,2026-03-20,836.35,1201228,717331,59.72
WINDLAS,2026-03-20,727.3,17343,11552,66.61
WINDMACHIN,2026-03-20,230.05,82807,60443,72.99
WIPRO,2026-03-20,190.9,24395304,12637524,51.8
WOCKPHARMA,2026-03-20,1176.2,412681,201477,48.82
WONDERLA,2026-03-20,520.25,55926,24778,44.3
WSTCSTPAPR,2026-03-20,434.65,116015,68354,58.92
XPROINDIA,2026-03-20,1005.0,64885,28679,44.2
YATHARTH,2026-03-20,640.25,305764,135248,44.23
YATRA,2026-03-20,107.2,3752767,899293,23.96
ZAGGLE,2026-03-20,207.81,1690108,801071,47.4
ZEEL,2026-03-20,72.78,26483328,14690476,55.47
ZENSARTECH,2026-03-20,564.9,276140,148084,53.63
ZENTEC,2026-03-20,1413.9,370075,141819,38.32
ZFCVINDIA,2026-03-20,13801.0,38492,27536,71.54
ZOTA,2026-03-20,1097.4,36938,20744,56.16
ZUARI,2026-03-20,197.42,140199,58689,41.86
ZUARIIND,2026-03-20,230.45,51319,31973,62.3
ZYDUSLIFE,2026-03-20,890.5,424095,220194,51.92
ZYDUSWELL,2026-03-20,424.65,620030,106297,17.14
